Ticker,Class,alpha,alpha_se,P_search,reject_exp_boot,p_boot,reject_longmem_boot,verdict,identified_flag,excl_reason,excl_a,excl_b,excl_c,excl_d,excl_e
BNO,Commodity,0.5908938003407239,0.3032260259752484,0.9014235200411064,False,0.128,True,indeterminate,True,,False,False,False,False,False
CORN,Commodity,0.9242247333737376,0.3521027225180657,0.7344861647998968,False,0.858,True,indeterminate,True,,False,False,False,False,False
CPER,Commodity,0.7599617986497551,0.5437564825517699,0.99947399024421,False,0.65,True,summable,True,,False,False,False,False,False
DBA,Commodity,0.8346041421895679,0.2259964906953203,0.9104834324699288,False,0.542,True,summable,True,,False,False,False,False,False
DBB,Commodity,0.321798034075121,0.1003467582886926,0.8938790121141278,True,0.006,True,summable,True,,False,False,False,False,False
DBC,Commodity,0.3603722495570947,0.1229707192062407,0.9048985758596793,True,0.002,True,summable,True,,False,False,False,False,False
GLD,Commodity,0.4973450908818649,0.1506889120077886,0.9087326946224128,True,0.036,True,indeterminate,True,,False,False,False,False,False
PALL,Commodity,0.1010634406936204,0.1233858071257073,0.9257910141340336,True,0.002,True,summable,False,degenerate_SE,False,False,False,False,True
PPLT,Commodity,0.3146169553024434,0.1797743078386103,0.94162846439111,True,0.008,True,summable,True,,False,False,False,False,False
SLV,Commodity,0.4739874344158739,0.1739484451519882,0.9393007277889333,True,0.028,True,indeterminate,True,,False,False,False,False,False
SOYB,Commodity,1.2701981119710313,0.4769262911909665,0.7098530457763293,False,0.55,True,indeterminate,True,,False,False,False,False,False
UNG,Commodity,1.6850497481040998,0.3731018198378102,0.953903891974475,True,0.036,True,indeterminate,True,,False,False,False,False,False
URA,Commodity,0.3212042119141355,0.3155960067291685,0.8828238187750701,False,0.198,True,indeterminate,True,,False,False,False,False,False
USO,Commodity,0.729331699236438,0.2077051586057255,0.8779361675625905,False,0.21,True,indeterminate,True,,False,False,False,False,False
WEAT,Commodity,0.3986012266290337,0.3313859908751692,0.7045745435239054,False,0.06,True,indeterminate,True,,False,False,False,False,False
WOOD,Commodity,0.2309923170516161,0.0673990651977171,0.7362228496965961,True,0.002,True,indeterminate,True,,False,False,False,False,False
ADA-USD,Cryptocurrency,3.0,2.1126280811495595,0.6764761262872786,True,0.004,False,long-memory,False,alpha_capped,False,True,False,False,False
BTC-USD,Cryptocurrency,0.5828153480739399,1.2127380121818003,0.8170642682385643,False,0.624,True,indeterminate,False,degenerate_SE,False,False,False,False,True
DOT-USD,Cryptocurrency,0.2107526677761996,0.1776168136263345,0.958609977424859,False,0.126,False,long-memory,True,,False,False,False,False,False
ETH-USD,Cryptocurrency,0.1694152343064189,0.162719658048574,0.8251789483998873,True,0.014,False,long-memory,True,,False,False,False,False,False
LTC-USD,Cryptocurrency,0.5389874632084272,0.7073447178065496,0.7054171335747113,False,0.686,True,indeterminate,False,degenerate_SE,False,False,False,False,True
SOL-USD,Cryptocurrency,0.0023161786644851,0.0004202393755014,0.8744090198069165,True,0.002,False,indeterminate,False,alpha<0.05_floor,True,False,False,False,False
XRP-USD,Cryptocurrency,0.0022451017967181,0.001399214973045,0.7449440865634409,True,0.016,False,indeterminate,False,alpha<0.05_floor,True,False,False,False,False
CEW,Currency,0.2036941248537037,0.0942075062638672,0.709810060436251,True,0.002,True,summable,True,,False,False,False,False,False
FXA,Currency,0.5199070109931002,0.1634360527860051,0.8251505836528922,False,0.088,True,indeterminate,True,,False,False,False,False,False
FXB,Currency,0.5406891654276651,0.1533597429742452,0.8691328894015583,False,0.15,True,summable,True,,False,False,False,False,False
FXC,Currency,0.9768040602783876,0.5434361912953837,0.8984530195639572,False,0.966,True,summable,True,,False,False,False,False,False
FXE,Currency,1.1810948096567877,0.4194686602004146,0.9000862726914137,False,0.614,True,summable,True,,False,False,False,False,False
FXF,Currency,3.0,0.5362107142370373,1.00115036579747,False,0.314,True,summable,False,alpha_capped,False,True,False,True,False
FXY,Currency,0.2894789423752877,0.1185480833557549,0.8824751563889306,True,0.002,True,summable,True,,False,False,False,False,False
USDU,Currency,0.1773093859721507,0.1337557140717065,0.6368901043352089,True,0.006,True,indeterminate,True,,False,False,False,False,False
UUP,Currency,0.5368085414196756,0.1724448501437311,0.912126386030568,False,0.258,True,summable,True,,False,False,False,False,False
MTUM,Factor ETF,0.3112283395897288,0.3089152852213201,0.8387465583679745,True,0.02,True,summable,True,,False,False,False,False,False
QUAL,Factor ETF,0.2545402929552389,0.097795707778668,0.8608121982913981,True,0.002,True,indeterminate,True,,False,False,False,False,False
SIZE,Factor ETF,0.2931728475608531,0.1029639470826835,0.8348841639184107,True,0.002,True,indeterminate,True,,False,False,False,False,False
USMV,Factor ETF,0.1990540179854246,0.0925422314460896,0.7560641906599054,True,0.002,True,summable,True,,False,False,False,False,False
VLUE,Factor ETF,0.1709431388096456,0.0904191484751234,0.8805059752663756,True,0.002,True,indeterminate,True,,False,False,False,False,False
AGG,Fixed Income,0.8278007859837628,0.1605203017766347,0.8743609772702446,False,0.35,True,indeterminate,True,,False,False,False,False,False
BND,Fixed Income,0.7052330928492484,0.2079057626011638,0.8570365755030621,False,0.102,True,indeterminate,True,,False,False,False,False,False
BNDX,Fixed Income,0.2765400623429389,0.1546837343156708,0.9210104008734248,True,0.02,True,summable,True,,False,False,False,False,False
BWX,Fixed Income,0.3392964738822633,0.1132556496532,0.8611345617765634,True,0.004,True,summable,True,,False,False,False,False,False
EMB,Fixed Income,0.3299156138697494,0.1036599710976838,0.9690826513431474,True,0.004,True,indeterminate,True,,False,False,False,False,False
GOVT,Fixed Income,0.0889507855940396,0.1228388052299186,0.8701702403765121,True,0.002,False,indeterminate,False,degenerate_SE,False,False,False,False,True
HYG,Fixed Income,0.2809674339387367,0.1802456249655877,0.999982869879114,True,0.002,True,indeterminate,True,,False,False,False,False,False
IEF,Fixed Income,0.5894201102564979,0.1849021113724478,0.8802942565160417,False,0.08,True,summable,True,,False,False,False,False,False
LQD,Fixed Income,0.2547949887099339,0.1175411337096852,0.8094559535700776,True,0.002,True,indeterminate,True,,False,False,False,False,False
MUB,Fixed Income,0.7510767895558914,0.1650450628724191,0.9664887353087476,False,0.254,True,summable,True,,False,False,False,False,False
SHY,Fixed Income,0.4996738465576599,0.1342838672761947,1.0028374105671825,True,0.014,True,summable,False,nonstationary_P>=1,False,False,False,True,False
TIP,Fixed Income,0.7276487241888985,0.1465245251358765,0.8751469630562164,False,0.158,True,indeterminate,True,,False,False,False,False,False
TLT,Fixed Income,0.3321612790809397,0.1076545958390646,0.8958661893490075,True,0.004,True,summable,True,,False,False,False,False,False
VCLT,Fixed Income,0.6364389453907903,0.1825353159104002,0.7835417775609961,False,0.098,True,indeterminate,True,,False,False,False,False,False
VCSH,Fixed Income,0.9637704992263068,0.1970696607535699,0.8997299811650411,False,0.834,True,summable,True,,False,False,False,False,False
ARGT,Intl Equity,0.0509642563090511,0.2066391395276101,0.8724696124928782,False,0.814,False,indeterminate,False,sign_flipped_bimodal,False,False,True,False,True
ECH,Intl Equity,0.4579211386496917,0.1347418723479891,0.8517340033237566,True,0.006,True,indeterminate,True,,False,False,False,False,False
EDEN,Intl Equity,0.1919372128478123,0.1547929894420869,0.6848278409714542,True,0.008,False,long-memory,True,,False,False,False,False,False
EEM,Intl Equity,0.3456929861590935,0.0802727685962243,0.8098008820825311,True,0.004,True,indeterminate,True,,False,False,False,False,False
EFNL,Intl Equity,3.0,6.43153171607623,0.6449037948263732,True,0.002,True,indeterminate,False,alpha_capped,False,True,False,False,True
EIDO,Intl Equity,0.0645837758956797,0.0845847493798637,0.7183439389145452,True,0.002,False,long-memory,False,degenerate_SE,False,False,False,False,True
ENZL,Intl Equity,0.440820177821334,0.1764910627139742,0.7267279052574913,True,0.04,True,indeterminate,True,,False,False,False,False,False
EPHE,Intl Equity,0.3439127848414662,0.1438329087785496,0.7065502989177204,True,0.018,True,indeterminate,True,,False,False,False,False,False
EPU,Intl Equity,0.2002717761857139,0.0820184321414501,0.909814559585443,True,0.002,True,indeterminate,True,,False,False,False,False,False
ERUS,Intl Equity,3.0,0.0,0.0433516903193891,False,1.0,False,indeterminate,False,alpha_capped,False,True,False,False,True
EWA,Intl Equity,0.2309201192376441,0.0729695086934384,0.7724430052066715,True,0.002,True,indeterminate,True,,False,False,False,False,False
EWC,Intl Equity,0.3290482399448581,0.0741809485715485,0.842064394385814,True,0.002,True,indeterminate,True,,False,False,False,False,False
EWD,Intl Equity,0.3900318756924468,0.0887390489799513,0.8658133105930248,True,0.002,True,indeterminate,True,,False,False,False,False,False
EWG,Intl Equity,0.4039066632059431,0.1066929403469712,0.8224541049342491,True,0.004,True,indeterminate,True,,False,False,False,False,False
EWH,Intl Equity,0.2812635652027528,0.080695354295979,0.8540245796290402,True,0.002,True,indeterminate,True,,False,False,False,False,False
EWI,Intl Equity,0.3270878193998167,0.098364914193385,0.8331389232943109,True,0.002,True,indeterminate,True,,False,False,False,False,False
EWJ,Intl Equity,0.3133122614297315,0.0822934205259381,0.8874350470396636,True,0.002,True,indeterminate,True,,False,False,False,False,False
EWK,Intl Equity,0.2116070298874045,0.0642107396233966,0.8297636401667612,True,0.002,True,indeterminate,True,,False,False,False,False,False
EWL,Intl Equity,0.5413035595668778,0.2207360641977875,0.843854254299357,True,0.04,True,indeterminate,True,,False,False,False,False,False
EWN,Intl Equity,0.3660839706393037,0.1026405020135496,0.843866520143174,True,0.002,True,indeterminate,True,,False,False,False,False,False
EWO,Intl Equity,0.3464103611954757,0.0970990916373488,0.7491578101161034,True,0.004,True,indeterminate,True,,False,False,False,False,False
EWP,Intl Equity,0.3829576116215326,0.1629929398088768,0.8289857201276358,True,0.032,True,indeterminate,True,,False,False,False,False,False
EWQ,Intl Equity,0.3659063869340065,0.1222688863674056,0.8518711738886667,True,0.002,True,indeterminate,True,,False,False,False,False,False
EWS,Intl Equity,0.3499324067765378,0.096898362093692,0.867322687659031,True,0.002,True,indeterminate,True,,False,False,False,False,False
EWT,Intl Equity,0.3164159891346448,0.0687513241372129,0.9018982119531724,True,0.002,True,indeterminate,True,,False,False,False,False,False
EWU,Intl Equity,0.4458971493707637,0.1645948621721827,0.853638186401245,True,0.018,True,indeterminate,True,,False,False,False,False,False
EWW,Intl Equity,0.4241286103403887,0.13752058121786,0.7557294462339676,True,0.006,True,indeterminate,True,,False,False,False,False,False
EWY,Intl Equity,0.3557633835927087,0.1085909821357805,0.893815556968447,True,0.004,True,indeterminate,True,,False,False,False,False,False
EWZ,Intl Equity,0.2975038585259816,0.0952076533553431,0.7513510862237291,True,0.002,True,indeterminate,True,,False,False,False,False,False
EZA,Intl Equity,0.4729350205366018,0.113080488072684,0.6909712800223458,True,0.01,True,indeterminate,True,,False,False,False,False,False
FXI,Intl Equity,0.3785956075668266,0.0967069432129155,0.8626631220882109,True,0.002,True,indeterminate,True,,False,False,False,False,False
GXC,Intl Equity,0.3437977868889155,0.0995324039585432,0.8049832824297893,True,0.004,True,indeterminate,True,,False,False,False,False,False
INDA,Intl Equity,0.1650469304893239,0.0967866369769326,0.7769412412528289,True,0.002,True,indeterminate,True,,False,False,False,False,False
KSA,Intl Equity,0.5745833604924305,0.2650897334266465,0.610439115410862,False,0.47,True,summable,True,,False,False,False,False,False
KWEB,Intl Equity,0.2493418219766996,0.1051357960442165,0.843508487239695,True,0.002,True,indeterminate,True,,False,False,False,False,False
MCHI,Intl Equity,0.2464464969272372,0.1156518155303252,0.7818056141278258,True,0.002,True,indeterminate,True,,False,False,False,False,False
NORW,Intl Equity,0.2524939069092282,0.1398318876785368,0.7764781781156309,True,0.004,True,indeterminate,True,,False,False,False,False,False
QAT,Intl Equity,0.9459258590668744,0.6148221132153143,0.6588569626710828,False,0.902,True,indeterminate,True,,False,False,False,False,False
RSX,Intl Equity,3.0,1.517294173250287,1.0112753856459944,False,0.304,True,indeterminate,False,alpha_capped,False,True,False,True,False
THD,Intl Equity,0.3364680545914095,0.141199833273539,0.8597114081446454,True,0.002,True,indeterminate,True,,False,False,False,False,False
TUR,Intl Equity,0.1430967357156134,0.1532252982588086,0.684955068445696,True,0.01,False,long-memory,False,degenerate_SE,False,False,False,False,True
UAE,Intl Equity,0.0251692467170315,0.0993926452663904,0.7163935729580442,True,0.004,False,long-memory,False,alpha<0.05_floor,True,False,False,False,True
VEA,Intl Equity,0.3419820781037244,0.0914800996500011,0.8916556153579438,True,0.002,True,indeterminate,True,,False,False,False,False,False
VWO,Intl Equity,0.3295946636394555,0.0705845039565533,0.8056803676609958,True,0.002,True,indeterminate,True,,False,False,False,False,False
ARE,Real Estate,0.4359893763267895,0.097636322984766,0.8922277857051871,True,0.022,True,summable,True,,False,False,False,False,False
CCI,Real Estate,0.3100687312749196,0.0831016411721925,0.8949364426193906,True,0.002,True,summable,True,,False,False,False,False,False
EXR,Real Estate,0.2829796188065556,0.0895110444798604,0.8249498194901113,True,0.002,True,summable,True,,False,False,False,False,False
INVH,Real Estate,0.1077126414663666,0.1225332817623329,0.7612676828100681,True,0.002,False,long-memory,False,degenerate_SE,False,False,False,False,True
MAA,Real Estate,0.2607008411930052,0.0595844242941997,0.790634947384696,True,0.002,True,summable,True,,False,False,False,False,False
SBAC,Real Estate,0.3150127596145565,0.0996462864378185,0.9449226340602656,True,0.002,True,summable,True,,False,False,False,False,False
VICI,Real Estate,0.0914782020266902,0.0795448377474515,0.6826068406904593,True,0.002,False,long-memory,True,,False,False,False,False,False
VTR,Real Estate,0.2873402060029425,0.0714425550233907,0.6155138554827231,False,0.112,True,indeterminate,True,,False,False,False,False,False
WELL,Real Estate,0.2639154252021551,0.0736927215403479,0.7831409675634929,True,0.002,True,indeterminate,True,,False,False,False,False,False
XLB,Sector ETF,0.2589094041825617,0.0615334526653075,0.8311103027699503,True,0.002,True,indeterminate,True,,False,False,False,False,False
XLC,Sector ETF,2.3297789691031743,1.7403986697496612,0.8262228337478149,False,0.266,True,indeterminate,True,,False,False,False,False,False
XLE,Sector ETF,0.4356478127382712,0.1243781230307916,0.8445747779948314,True,0.006,True,indeterminate,True,,False,False,False,False,False
XLF,Sector ETF,0.2503896868805742,0.0539401554440381,0.8602036003159191,True,0.002,True,indeterminate,True,,False,False,False,False,False
XLI,Sector ETF,0.4009997247920873,0.0786579611152197,0.8027775384007141,True,0.002,True,indeterminate,True,,False,False,False,False,False
XLK,Sector ETF,0.2881409824467317,0.0627423571020664,0.8616900264327885,True,0.002,True,indeterminate,True,,False,False,False,False,False
XLP,Sector ETF,0.4238026029985152,0.0966645334559444,0.7926418507448744,True,0.002,True,indeterminate,True,,False,False,False,False,False
XLRE,Sector ETF,0.3444192945771563,0.1102975508150603,0.7807177950088444,True,0.004,True,indeterminate,True,,False,False,False,False,False
XLU,Sector ETF,0.3214697463086672,0.0697700371174191,0.7653734873350184,True,0.002,True,summable,True,,False,False,False,False,False
XLV,Sector ETF,0.4223263230240449,0.1291798412915415,0.7375299678640455,True,0.002,True,indeterminate,True,,False,False,False,False,False
XLY,Sector ETF,0.3522765633982547,0.0834360468917441,0.8673675825058021,True,0.002,True,indeterminate,True,,False,False,False,False,False
ARKK,Thematic ETF,0.2294564139543648,0.0892412679669216,0.9033780487798068,True,0.002,False,indeterminate,True,,False,False,False,False,False
KRE,Thematic ETF,0.2937784414182207,0.0787463561667171,0.9055115253280506,True,0.002,True,summable,True,,False,False,False,False,False
SOXX,Thematic ETF,0.3711310315760888,0.1183661572816971,0.8695860161387469,True,0.008,True,indeterminate,True,,False,False,False,False,False
XBI,Thematic ETF,0.391286112538185,0.1381016334299319,0.7810403276253368,True,0.004,True,indeterminate,True,,False,False,False,False,False
DIA,US Index,0.4000833504303662,0.0832863687990731,0.8206377421850679,True,0.002,True,indeterminate,True,,False,False,False,False,False
DVY,US Index,0.3300769577571349,0.0682155132647781,0.8409681618282248,True,0.002,True,indeterminate,True,,False,False,False,False,False
IJH,US Index,0.3541882834938211,0.0867298739345655,0.784113504164402,True,0.002,True,indeterminate,True,,False,False,False,False,False
IJR,US Index,0.3753354187700715,0.0934915295932766,0.7841775646139693,True,0.002,True,indeterminate,True,,False,False,False,False,False
IVV,US Index,0.3380250214248686,0.0833511088434937,0.8137773911466167,True,0.002,True,indeterminate,True,,False,False,False,False,False
IWB,US Index,0.3299164300096506,0.0771066770510567,0.8223867210418234,True,0.002,True,indeterminate,True,,False,False,False,False,False
IWM,US Index,0.3697709565848527,0.0927870216626344,0.7862776587999744,True,0.002,True,indeterminate,True,,False,False,False,False,False
IWN,US Index,0.3082792278451678,0.068651672223613,0.8300341980495273,True,0.002,True,indeterminate,True,,False,False,False,False,False
MDY,US Index,0.3430514012728876,0.0755869088577648,0.7936536407407112,True,0.002,True,indeterminate,True,,False,False,False,False,False
QQQ,US Index,0.3123368379460445,0.0687189177715414,0.8313041992054098,True,0.002,True,indeterminate,True,,False,False,False,False,False
RSP,US Index,0.3468035642645535,0.0841887627298454,0.8108773575395093,True,0.002,True,indeterminate,True,,False,False,False,False,False
SCHD,US Index,0.1532005916645826,0.0843063540699872,0.8264672156260032,True,0.002,False,indeterminate,True,,False,False,False,False,False
SPY,US Index,0.3420654028930659,0.0839628397132642,0.818518645747985,True,0.002,True,indeterminate,True,,False,False,False,False,False
VOO,US Index,0.2434425088175362,0.100310019050437,0.7925972284460352,True,0.002,True,summable,True,,False,False,False,False,False
VTI,US Index,0.3346305143433664,0.0820921569691581,0.8132992613035294,True,0.002,True,indeterminate,True,,False,False,False,False,False
VTV,US Index,0.3282478416898201,0.0934572617879703,0.7979505179524264,True,0.002,True,indeterminate,True,,False,False,False,False,False
VUG,US Index,0.2809289340097678,0.0680623296720642,0.8379752596572354,True,0.002,True,indeterminate,True,,False,False,False,False,False
VYM,US Index,0.3232245997526434,0.0904796144968954,0.8176887860100848,True,0.002,True,indeterminate,True,,False,False,False,False,False
A,US Stock,0.2949265117855814,0.1067407539055843,0.8434808730535519,True,0.004,True,summable,True,,False,False,False,False,False
AAL,US Stock,0.3666148521381898,0.1136989096109018,0.881010203224356,True,0.004,True,summable,True,,False,False,False,False,False
AAPL,US Stock,0.225309900927294,0.0802012481255542,0.8693465264327332,True,0.006,True,summable,True,,False,False,False,False,False
ABBV,US Stock,0.4625792814495351,0.4963394578934583,0.4871471622836287,False,0.724,True,indeterminate,False,degenerate_SE,False,False,False,False,True
ABT,US Stock,0.3536769705420839,0.1481246127275435,0.7425259475779971,True,0.006,True,indeterminate,True,,False,False,False,False,False
ACN,US Stock,0.1551533074515943,0.1038880931241769,0.8447595689661772,True,0.002,True,indeterminate,True,,False,False,False,False,False
ADBE,US Stock,0.2450299753742421,0.1244156816817919,0.8178947008526847,True,0.002,True,summable,True,,False,False,False,False,False
ADI,US Stock,0.5372202612146988,0.4976432885488798,0.8081596073789622,False,0.506,True,summable,True,,False,False,False,False,False
ADP,US Stock,0.359751714466237,0.1699631075240829,0.7727004361313472,True,0.012,True,indeterminate,True,,False,False,False,False,False
AEE,US Stock,0.175608277248169,0.0598898382826343,0.7999224300005487,True,0.002,True,indeterminate,True,,False,False,False,False,False
AEP,US Stock,0.2734218702500558,0.0603309896253277,0.7281434551959606,True,0.002,True,indeterminate,True,,False,False,False,False,False
AFL,US Stock,0.1936787832038328,0.0774441177395686,0.8066719411311685,True,0.002,True,summable,True,,False,False,False,False,False
AIG,US Stock,0.126637486365703,0.072223336052785,0.9015922547397324,True,0.002,True,indeterminate,True,,False,False,False,False,False
AIZ,US Stock,0.1870099474220664,0.0831129664186894,0.6721039390789437,True,0.002,True,indeterminate,True,,False,False,False,False,False
AJG,US Stock,0.0027878598370486,0.0003860276327233,0.8761811758429848,True,0.002,False,long-memory,False,alpha<0.05_floor,True,False,False,False,False
AKAM,US Stock,0.0008892614476188,0.0004567270929555,0.8732955386589101,True,0.002,False,indeterminate,False,alpha<0.05_floor,True,False,False,False,False
ALB,US Stock,0.0970778461198506,0.0701262700490603,0.8887459126714391,True,0.002,False,indeterminate,True,,False,False,False,False,False
ALGN,US Stock,0.02,0.0100718133695571,0.7618747849981335,False,0.1,False,indeterminate,False,alpha<0.05_floor,True,False,True,False,False
ALL,US Stock,0.3168014184313554,0.0851546957099317,0.8046092508865911,True,0.002,True,summable,True,,False,False,False,False,False
AMAT,US Stock,0.3055701727373858,0.1031015966247007,0.8186854936857959,True,0.002,True,indeterminate,True,,False,False,False,False,False
AMC,US Stock,0.2559773303181781,0.0258144818673133,1.0041919567260795,False,0.168,True,summable,False,nonstationary_P>=1,False,False,False,True,False
AMD,US Stock,0.1226176007456472,0.1095959858941761,0.7877203626046085,True,0.002,True,summable,True,,False,False,False,False,False
AME,US Stock,0.3009832916806172,0.1198380767883503,0.7716369466097459,True,0.004,True,indeterminate,True,,False,False,False,False,False
AMGN,US Stock,0.1682904103391234,0.1184021554732387,0.6952281833030375,True,0.004,True,indeterminate,True,,False,False,False,False,False
AMT,US Stock,0.3480244725317965,0.089223471719374,0.8872090527123537,True,0.002,True,summable,True,,False,False,False,False,False
AMZN,US Stock,0.0009779968058888,0.000240418631169,0.8966170016773833,True,0.002,False,indeterminate,False,alpha<0.05_floor,True,False,False,False,False
ANET,US Stock,3.0,2.6727073768488734,0.2965350947142982,False,0.15,False,long-memory,False,alpha_capped,False,True,False,False,False
AON,US Stock,0.0544889100895877,0.1236381596466495,0.7572164341386804,False,0.076,False,indeterminate,False,sign_flipped_bimodal,False,False,True,False,True
APA,US Stock,0.2538168766301956,0.1975091031793725,0.9287715390187808,True,0.002,True,indeterminate,True,,False,False,False,False,False
APD,US Stock,0.0838742836940932,0.077469605557671,0.74341115328996,True,0.002,False,long-memory,True,,False,False,False,False,False
APH,US Stock,0.6990901367790734,0.3546907990676933,0.9480760117405715,False,0.37,True,summable,True,,False,False,False,False,False
APTV,US Stock,0.203185066348843,0.1116176052731911,0.7747845851927095,True,0.002,True,indeterminate,True,,False,False,False,False,False
ATO,US Stock,0.3891688773926864,0.1403151140752774,0.7054223869722344,True,0.004,True,indeterminate,True,,False,False,False,False,False
AVB,US Stock,0.2275046106315593,0.059214168081041,0.8474482971493564,True,0.002,True,indeterminate,True,,False,False,False,False,False
AVGO,US Stock,0.0283354618418911,0.1384445436597921,0.8046423301248311,True,0.002,False,long-memory,False,alpha<0.05_floor,True,False,False,False,True
AVY,US Stock,0.050633767491218,0.1018989206989054,0.7867661631680722,True,0.002,False,indeterminate,False,degenerate_SE,False,False,False,False,True
AXP,US Stock,0.3206338373325171,0.0931392628457615,0.9049693996023526,True,0.002,True,indeterminate,True,,False,False,False,False,False
AZO,US Stock,0.0015340494190219,0.0001556031419862,0.8272598702043407,True,0.002,False,indeterminate,False,alpha<0.05_floor,True,False,False,False,False
BA,US Stock,0.1879462361444638,0.0705388334972194,0.7769818110477668,True,0.002,True,indeterminate,True,,False,False,False,False,False
BAC,US Stock,0.281958171123022,0.0685278728541785,0.8791644559534046,True,0.002,True,summable,True,,False,False,False,False,False
BALL,US Stock,0.3042477252423334,0.1056222883823647,0.87526781416539,True,0.004,True,summable,True,,False,False,False,False,False
BAX,US Stock,0.0007090891550292,0.0001412668778541,0.967044162390592,True,0.002,False,indeterminate,False,alpha<0.05_floor,True,False,False,False,False
BBY,US Stock,0.4979342748051223,0.2531057202775333,0.6232526420324567,False,0.226,True,summable,True,,False,False,False,False,False
BDX,US Stock,0.0653859164181672,0.236076100299,0.7544684216149157,True,0.002,False,long-memory,False,degenerate_SE,False,False,False,False,True
BEN,US Stock,0.3015688348543298,0.0953005599384402,0.8503777034578035,True,0.002,True,summable,True,,False,False,False,False,False
BIIB,US Stock,0.0019148513414696,0.0012948847740099,0.4497368350408914,False,0.486,False,indeterminate,False,alpha<0.05_floor,True,False,False,False,False
BIO,US Stock,0.0014542257508625,0.0011973109919101,0.927788885950532,True,0.002,False,indeterminate,False,alpha<0.05_floor,True,False,False,False,False
BK,US Stock,0.3074678618412361,0.0837488627332411,0.7837853212453288,True,0.002,True,summable,True,,False,False,False,False,False
BKNG,US Stock,0.0016408635101652,0.0002766081659516,0.8715691833216463,True,0.002,False,indeterminate,False,alpha<0.05_floor,True,False,False,False,False
BKR,US Stock,0.2916312415962621,0.1138267549257126,0.7836686266068366,True,0.002,True,indeterminate,True,,False,False,False,False,False
BLK,US Stock,0.3011063170521212,0.0845518762929686,0.82980850099615,True,0.002,True,indeterminate,True,,False,False,False,False,False
BMY,US Stock,0.1846307986294707,0.1171913693995903,0.7076596292985313,True,0.01,True,summable,True,,False,False,False,False,False
BRK-B,US Stock,0.3101362499588489,0.0812013778843185,0.8445148441752516,True,0.002,True,indeterminate,True,,False,False,False,False,False
BSX,US Stock,0.1109544832386044,0.1555285588787733,0.7997882154383306,True,0.004,False,indeterminate,False,degenerate_SE,False,False,False,False,True
C,US Stock,0.2459088522892192,0.0642848399363726,0.9305439341869688,True,0.002,True,summable,True,,False,False,False,False,False
CAH,US Stock,0.001285735721252,0.0005558539123998,0.6688299100304641,True,0.002,False,indeterminate,False,alpha<0.05_floor,True,False,False,False,False
CAT,US Stock,0.4100953026623238,0.1274867005015519,0.751229442664895,True,0.018,True,indeterminate,True,,False,False,False,False,False
CB,US Stock,0.2244863970270705,0.0722350716031357,0.8684391217608516,True,0.002,True,indeterminate,True,,False,False,False,False,False
CBOE,US Stock,0.0127858155285547,2.6010279769470306,0.7376699527240496,True,0.002,False,long-memory,False,alpha<0.05_floor,True,False,False,False,True
CDNS,US Stock,0.3598517110754843,0.1840947805225455,0.907472311428948,True,0.002,True,indeterminate,True,,False,False,False,False,False
CE,US Stock,0.3536055596674443,0.1191436372960391,0.8595805465920032,True,0.028,True,indeterminate,True,,False,False,False,False,False
CF,US Stock,0.6569342947180038,0.1663217120637272,0.786831183039757,False,0.226,True,summable,True,,False,False,False,False,False
CFG,US Stock,0.1237316198040685,0.1242911358611187,0.6716018546475,True,0.006,False,long-memory,False,degenerate_SE,False,False,False,False,True
CHD,US Stock,0.0036305163720818,0.0010888778413029,0.8806715288566196,True,0.002,False,indeterminate,False,alpha<0.05_floor,True,False,False,False,False
CHRW,US Stock,0.0014530661734327,0.0008567162580786,0.762573689119696,False,0.056,False,indeterminate,False,alpha<0.05_floor,True,False,False,False,False
CHTR,US Stock,0.0015986350719638,0.0009093913045833,0.8956789786447478,True,0.006,False,indeterminate,False,alpha<0.05_floor,True,False,False,False,False
CI,US Stock,0.2561030326044951,0.2096708689385285,0.8533807000505533,True,0.014,True,indeterminate,True,,False,False,False,False,False
CINF,US Stock,0.3389294979473363,0.0830569514328775,0.8456451462427971,True,0.002,True,indeterminate,True,,False,False,False,False,False
CL,US Stock,0.0664982619365555,0.1064815996917172,0.5860733703367469,True,0.002,False,long-memory,False,degenerate_SE,False,False,False,False,True
CLX,US Stock,0.0786062641683502,0.1332296607414047,0.8663405928466356,True,0.002,False,indeterminate,False,degenerate_SE,False,False,False,False,True
CMCSA,US Stock,0.2531174900419246,0.1231335137614621,0.8288876589180464,True,0.002,True,summable,True,,False,False,False,False,False
CME,US Stock,0.0909272745962817,0.078889897941607,0.8513871483062044,True,0.002,True,summable,True,,False,False,False,False,False
CMG,US Stock,0.4027316135537352,0.256695096203099,0.6232956754391501,False,0.18,True,summable,True,,False,False,False,False,False
CMI,US Stock,0.1874772583985411,0.0946879919228903,0.867847854896799,True,0.002,True,summable,True,,False,False,False,False,False
CMS,US Stock,0.3103158437101569,0.0725954953606692,0.8225095106691578,True,0.002,True,indeterminate,True,,False,False,False,False,False
CNC,US Stock,0.0010932365179601,0.0004132879714015,0.903058616975182,True,0.004,False,indeterminate,False,alpha<0.05_floor,True,False,False,False,False
CNP,US Stock,0.2399463176598213,0.0924732519895472,0.7574745562658545,True,0.002,True,indeterminate,True,,False,False,False,False,False
COF,US Stock,0.3050960020871405,0.1476458673724509,0.9154681441097552,False,0.054,True,summable,True,,False,False,False,False,False
COP,US Stock,0.3827838113910051,0.105882916450222,0.8775854965805199,True,0.002,True,indeterminate,True,,False,False,False,False,False
COST,US Stock,0.0877523487645705,0.1910526283180433,0.8061034535616572,True,0.004,False,indeterminate,False,degenerate_SE,False,False,False,False,True
CPB,US Stock,0.001540994066598,0.0006094646118159,0.8316838487865228,True,0.002,False,indeterminate,False,alpha<0.05_floor,True,False,False,False,False
CRM,US Stock,0.205023194571602,0.1457052865457744,0.97685289585551,True,0.006,True,summable,True,,False,False,False,False,False
CSCO,US Stock,0.084670022367199,0.091365161352237,0.7900390089832801,True,0.002,True,summable,False,degenerate_SE,False,False,False,False,True
CSX,US Stock,0.2181745153791647,0.1444466305095885,0.7847244716761538,True,0.002,True,summable,True,,False,False,False,False,False
CTAS,US Stock,0.2645358943724233,0.1251664717742438,0.7178776084936285,True,0.004,True,summable,True,,False,False,False,False,False
CTRA,US Stock,0.3353282483846708,0.1216108971279593,0.8350663808946037,True,0.004,True,summable,True,,False,False,False,False,False
CTSH,US Stock,0.0467931458154262,0.1001079578332444,0.8570450550346769,True,0.002,False,indeterminate,False,alpha<0.05_floor,True,False,False,False,True
CVS,US Stock,0.0020109521214025,0.0033675989409585,0.8378878898689597,True,0.002,False,indeterminate,False,alpha<0.05_floor,True,False,False,False,True
CVX,US Stock,0.4895559958448551,0.1689882295605282,0.7950225526986628,True,0.022,True,indeterminate,True,,False,False,False,False,False
D,US Stock,0.2593847462727719,0.0713725803859534,0.7759933240081643,True,0.002,True,indeterminate,True,,False,False,False,False,False
DAL,US Stock,0.3344816020780716,0.1001149878336076,0.8615423980231862,True,0.002,True,summable,True,,False,False,False,False,False
DD,US Stock,0.2468595513947331,0.0898401463602632,0.8219314422624221,True,0.002,True,summable,True,,False,False,False,False,False
DE,US Stock,0.1706334666966243,0.0903250022806041,0.7723421077375026,True,0.002,True,summable,True,,False,False,False,False,False
DG,US Stock,0.0008374109278788,0.0002820667139154,0.5468209351142207,False,0.128,False,indeterminate,False,alpha<0.05_floor,True,False,False,False,False
DGX,US Stock,0.0021216746599977,0.0015054261924747,0.6493411497352325,True,0.004,False,indeterminate,False,alpha<0.05_floor,True,False,False,False,False
DHI,US Stock,0.3780825609638246,0.1028872903061032,0.8812720237106191,True,0.002,True,summable,True,,False,False,False,False,False
DHR,US Stock,3.0,1.85103113467311,0.863592616022085,False,0.14,True,indeterminate,False,alpha_capped,False,True,False,False,False
DIS,US Stock,0.0955796613601354,0.0963274313328337,0.8270868569764984,True,0.002,False,long-memory,False,degenerate_SE,False,False,False,False,True
DLR,US Stock,0.5890773841482121,0.2289991387026399,0.7720580279998871,False,0.188,True,summable,True,,False,False,False,False,False
DLTR,US Stock,0.0050139347055183,0.0069544313325093,0.7008928433976231,True,0.002,False,indeterminate,False,alpha<0.05_floor,True,False,False,False,True
DOV,US Stock,0.3653945482279337,0.1295827879244636,0.7585330602463146,True,0.006,True,indeterminate,True,,False,False,False,False,False
DRI,US Stock,0.1165007786493882,0.101317461716273,0.7770198543071914,True,0.002,True,indeterminate,True,,False,False,False,False,False
DTE,US Stock,0.2900927040745245,0.0836269335495504,0.7534983963491518,True,0.002,True,summable,True,,False,False,False,False,False
DUK,US Stock,0.2807443316676548,0.0800307163830577,0.8479511150044775,True,0.002,True,indeterminate,True,,False,False,False,False,False
DVN,US Stock,0.3520390863244276,0.1079841286502352,0.8736009793985293,True,0.002,True,indeterminate,True,,False,False,False,False,False
DXCM,US Stock,0.2185914510199353,0.3084954607958737,0.6436524225432266,False,0.094,True,summable,False,degenerate_SE,False,False,False,False,True
EA,US Stock,0.2030197347023028,0.1546870872782897,0.7162246847942364,True,0.008,True,summable,True,,False,False,False,False,False
ECL,US Stock,0.2803867630847229,0.0844614510792645,0.7709105661948064,True,0.002,True,indeterminate,True,,False,False,False,False,False
ED,US Stock,0.2733523063080271,0.0788169285860007,0.802859363112969,True,0.002,True,indeterminate,True,,False,False,False,False,False
EIX,US Stock,0.3323921282862501,0.1427548209625966,0.7458854415745619,False,0.072,True,indeterminate,True,,False,False,False,False,False
EL,US Stock,0.0009728607356857,0.0001171065730236,0.8426079255558314,True,0.002,False,indeterminate,False,alpha<0.05_floor,True,False,False,False,False
ELV,US Stock,0.0641559258707029,0.0980837335671833,0.7975354551395322,True,0.004,False,indeterminate,False,degenerate_SE,False,False,False,False,True
EMN,US Stock,0.205321329175643,0.0583358980822321,0.7721021856197278,True,0.002,True,indeterminate,True,,False,False,False,False,False
EMR,US Stock,0.4190027320886693,0.096266975619845,0.8218224347137205,True,0.006,True,indeterminate,True,,False,False,False,False,False
EOG,US Stock,0.2207204075222894,0.1104351854898879,0.8630664549310748,True,0.002,True,indeterminate,True,,False,False,False,False,False
EPAM,US Stock,1.2441752781771998,1.4984196004377788,0.7843663079649392,False,0.826,True,indeterminate,False,degenerate_SE,False,False,False,False,True
EQIX,US Stock,0.0016644582145576,0.001151373137177,0.9828276564736024,True,0.002,False,indeterminate,False,alpha<0.05_floor,True,False,False,False,False
EQR,US Stock,0.3047029736058518,0.0576062356663729,0.8675627757072766,True,0.002,True,summable,True,,False,False,False,False,False
ES,US Stock,0.2411886110821809,0.1055825792850023,0.7325938823204742,True,0.006,True,indeterminate,True,,False,False,False,False,False
ET,US Stock,0.1971411465963539,0.1036834574294866,0.8795514500271916,True,0.002,True,summable,True,,False,False,False,False,False
ETN,US Stock,0.1911450459917909,0.1083971999396488,0.8200042060677886,True,0.018,True,indeterminate,True,,False,False,False,False,False
ETR,US Stock,0.2316050761779353,0.0733991531173492,0.6992354957756796,True,0.004,True,indeterminate,True,,False,False,False,False,False
EW,US Stock,0.0014079952901031,0.000885223816925,0.4649745190515329,False,0.268,False,indeterminate,False,alpha<0.05_floor,True,False,False,False,False
EXC,US Stock,0.3114077376779043,0.0882245965075015,0.7378192929020824,True,0.002,True,indeterminate,True,,False,False,False,False,False
EXPD,US Stock,0.0941372650323735,0.1099838453613136,0.7848337979826969,True,0.002,False,indeterminate,False,degenerate_SE,False,False,False,False,True
F,US Stock,0.0530319371163619,0.0830960725393579,0.8952367452420595,True,0.002,False,indeterminate,False,degenerate_SE,False,False,False,False,True
FANG,US Stock,0.0492790257803929,0.1288103810709379,0.7669288508090903,True,0.002,False,indeterminate,False,alpha<0.05_floor,True,False,False,False,True
FAST,US Stock,0.4767768955906087,0.177014671416907,0.6372633922854047,False,0.09,True,indeterminate,True,,False,False,False,False,False
FCX,US Stock,0.3928601841663201,0.1081622475874254,0.8036354552110138,True,0.014,True,summable,True,,False,False,False,False,False
FDX,US Stock,0.2581591316062471,0.1325705274201919,0.7479911482786901,True,0.02,True,summable,True,,False,False,False,False,False
FE,US Stock,0.0876124563859172,0.088250420973743,0.7345215374053915,True,0.002,True,indeterminate,False,degenerate_SE,False,False,False,False,True
FFIV,US Stock,0.0010494327007359,0.0001952419922763,0.8609300557409956,True,0.002,False,indeterminate,False,alpha<0.05_floor,True,False,False,False,False
FIS,US Stock,0.1722432575228014,0.1865279290947034,0.8719610309199484,True,0.006,True,indeterminate,False,degenerate_SE,False,False,False,False,True
FISV,US Stock,0.1489455892653804,0.1410105657359596,0.9867394031151946,True,0.03,True,summable,True,,False,False,False,False,False
FITB,US Stock,0.2633011909238781,0.0811971723721869,0.8961126924121673,True,0.002,True,summable,True,,False,False,False,False,False
FMC,US Stock,0.0010402907136936,0.0001051256359021,0.9298848871868076,True,0.002,False,indeterminate,False,alpha<0.05_floor,True,False,False,False,False
FTNT,US Stock,0.197258885605576,0.1813990003281652,0.5825296325548319,False,0.252,False,indeterminate,True,,False,False,False,False,False
GD,US Stock,0.241810590586691,0.0821387831201683,0.756823241629847,True,0.002,True,indeterminate,True,,False,False,False,False,False
GE,US Stock,0.1697373533299859,0.0772702826515725,0.9632198378856744,True,0.002,True,summable,True,,False,False,False,False,False
GILD,US Stock,0.1017692300778218,0.1501183089727979,0.755919382039633,True,0.002,True,summable,False,degenerate_SE,False,False,False,False,True
GIS,US Stock,0.0657193041514877,0.1044206836785695,0.7910026738788012,True,0.002,True,indeterminate,False,degenerate_SE,False,False,False,False,True
GL,US Stock,0.0015068781241032,0.0001927773824833,1.0092073479849426,True,0.014,False,indeterminate,False,alpha<0.05_floor,True,False,False,True,False
GLW,US Stock,0.3790583290542623,0.1249651561577124,0.8319400643462349,True,0.004,True,summable,True,,False,False,False,False,False
GM,US Stock,0.0450185814247417,0.1207636957930415,0.7915536210960362,True,0.002,False,indeterminate,False,alpha<0.05_floor,True,False,False,False,True
GME,US Stock,0.0503215947113339,0.1323939402516223,0.8933916541014283,True,0.002,False,long-memory,False,degenerate_SE,False,False,False,False,True
GNRC,US Stock,0.001125374166054,0.0003408867007157,0.9487608859134788,True,0.002,False,indeterminate,False,alpha<0.05_floor,True,False,False,False,False
GOOG,US Stock,0.2389273821669043,0.1515637900709925,0.7396684153038476,True,0.012,True,indeterminate,True,,False,False,False,False,False
GOOGL,US Stock,0.271834433978311,0.1451878221739558,0.7175829328135536,True,0.022,True,indeterminate,True,,False,False,False,False,False
GPN,US Stock,0.0267625225287162,0.0786467897278422,0.6996435128408077,True,0.004,False,indeterminate,False,alpha<0.05_floor,True,False,False,False,True
GRMN,US Stock,0.004626060744418,0.0106077366726906,0.7738922563699038,False,0.242,False,indeterminate,False,alpha<0.05_floor,True,False,False,False,True
GS,US Stock,0.2653039792732352,0.079089809073242,0.8124565695540746,True,0.002,True,summable,True,,False,False,False,False,False
GWW,US Stock,2.182818903017727,1.5897981753941974,0.5513214337546938,False,0.376,True,indeterminate,True,,False,False,False,False,False
HAL,US Stock,0.1542074553216096,0.1589684916672011,0.7964939293210519,True,0.004,True,indeterminate,False,degenerate_SE,False,False,False,False,True
HAS,US Stock,0.1805184793742193,0.1590520562347585,0.6348232862174167,True,0.008,True,indeterminate,True,,False,False,False,False,False
HBAN,US Stock,0.1632009872444382,0.0541828329688517,0.9022456531173833,True,0.002,True,summable,True,,False,False,False,False,False
HCA,US Stock,0.1021503908286191,0.1090729414383023,0.613643619340595,True,0.046,False,long-memory,False,degenerate_SE,False,False,False,False,True
HD,US Stock,0.3702820718172691,0.0926789716976025,0.8337325617738574,True,0.002,True,indeterminate,True,,False,False,False,False,False
HIG,US Stock,0.1969979907065337,0.0786921072163647,0.8456326264642887,True,0.002,True,summable,True,,False,False,False,False,False
HLT,US Stock,0.2396240804942678,0.1033820938999446,0.8115436601652055,True,0.002,True,indeterminate,True,,False,False,False,False,False
HON,US Stock,0.1677080234588244,0.063601501961837,0.8460002828571727,True,0.002,True,summable,True,,False,False,False,False,False
HPQ,US Stock,0.1205778286434009,0.1601970634506229,0.7364830764343208,True,0.002,True,summable,False,degenerate_SE,False,False,False,False,True
HRL,US Stock,0.0024291836958832,0.0023545828592439,0.6273390065902068,True,0.016,False,indeterminate,False,alpha<0.05_floor,True,False,False,False,False
HSY,US Stock,0.1495330048922588,0.1700461822109553,0.7396042102922851,True,0.004,True,indeterminate,False,degenerate_SE,False,False,False,False,True
HUM,US Stock,0.0241734182462979,0.0671045165500881,0.6672943938938448,True,0.002,False,indeterminate,False,alpha<0.05_floor,True,False,False,False,True
IBM,US Stock,0.1354056695766064,0.1205248487294552,0.7386883265744602,True,0.002,True,indeterminate,True,,False,False,False,False,False
ICE,US Stock,0.1543816390926499,0.0719978496232268,0.8196865086221542,True,0.002,True,summable,True,,False,False,False,False,False
IDXX,US Stock,0.001553685976975,0.0001987664194089,0.7284937981083199,True,0.002,False,indeterminate,False,alpha<0.05_floor,True,False,False,False,False
IEX,US Stock,0.2292594346256634,0.0917139081962834,0.8092637513756945,True,0.002,True,indeterminate,True,,False,False,False,False,False
IFF,US Stock,3.0,0.790397523760933,0.7538288073223429,True,0.022,True,indeterminate,False,alpha_capped,False,True,False,False,False
INTC,US Stock,0.0055749382516031,0.0012888035481375,0.9206698495572876,True,0.002,False,indeterminate,False,alpha<0.05_floor,True,False,False,False,False
INTU,US Stock,0.0259711463009492,0.105776173137045,0.8894911938411362,True,0.002,False,indeterminate,False,alpha<0.05_floor,True,False,False,False,True
IP,US Stock,0.1677343986002964,0.0694073254834211,0.8587786976106012,True,0.002,True,summable,True,,False,False,False,False,False
IQV,US Stock,0.1234581416382162,0.101611537821613,0.7944303569340285,True,0.002,False,long-memory,True,,False,False,False,False,False
ISRG,US Stock,0.0010472501167273,0.0002339559704263,0.9034701681255266,True,0.002,False,indeterminate,False,alpha<0.05_floor,True,False,False,False,False
IT,US Stock,0.0039153973707977,0.0008075079633089,0.7833321850512788,False,0.054,False,indeterminate,False,alpha<0.05_floor,True,False,False,False,False
ITT,US Stock,0.3250188500164396,0.1414456540637208,0.7693785753611352,True,0.044,True,indeterminate,True,,False,False,False,False,False
ITW,US Stock,0.3753851569018812,0.0977626036590864,0.7884993947287273,True,0.004,True,indeterminate,True,,False,False,False,False,False
IVZ,US Stock,0.2907681557005678,0.0743216419909735,0.8317198791264991,True,0.002,True,summable,True,,False,False,False,False,False
JBHT,US Stock,0.1196439931348977,0.1067422352129211,0.9279893666423864,True,0.002,False,indeterminate,True,,False,False,False,False,False
JCI,US Stock,3.0,2.123674530873116,1.0023369172736207,False,0.104,True,summable,False,alpha_capped,False,True,False,True,False
JNJ,US Stock,0.3091496988637799,0.4021511054678056,0.76503136547726,False,0.204,True,indeterminate,False,degenerate_SE,False,False,False,False,True
JPM,US Stock,0.2796158205509567,0.0606074039746892,0.879002971319395,True,0.002,True,summable,True,,False,False,False,False,False
KDP,US Stock,0.002688189666,0.0005060545084057,0.3793665923413725,False,0.186,False,indeterminate,False,alpha<0.05_floor,True,False,False,False,False
KEY,US Stock,0.1598483750219005,0.0603970698441093,0.9508320386196008,True,0.002,True,summable,True,,False,False,False,False,False
KEYS,US Stock,0.02,0.072160014666978,0.6741642161342433,False,1.0,False,indeterminate,False,alpha<0.05_floor,True,False,True,False,True
KHC,US Stock,0.0009246838147082,0.0003275564481118,0.5341792444727584,False,0.186,False,indeterminate,False,alpha<0.05_floor,True,False,False,False,False
KLAC,US Stock,0.4035990694408313,0.1618148054551943,0.8345119996062196,True,0.03,True,summable,True,,False,False,False,False,False
KMB,US Stock,0.0016521969279097,0.0001401350157413,0.7775288000932818,True,0.002,False,indeterminate,False,alpha<0.05_floor,True,False,False,False,False
KMI,US Stock,0.2662347377666862,0.1742957056223284,0.7448369561259857,True,0.012,True,indeterminate,True,,False,False,False,False,False
KO,US Stock,0.2778026989188268,0.0980015564751089,0.7998645015251753,True,0.002,True,indeterminate,True,,False,False,False,False,False
KR,US Stock,0.000852817275739,0.0003637906170999,0.7355825519671559,True,0.002,False,indeterminate,False,alpha<0.05_floor,True,False,False,False,False
L,US Stock,0.2881573872040447,0.073932239921521,0.8529731751094102,True,0.002,True,indeterminate,True,,False,False,False,False,False
LDOS,US Stock,2.7865474816799747,1.4935706468946155,0.3648563187941299,False,0.332,False,indeterminate,True,,False,False,False,False,False
LEG,US Stock,0.0388625597571349,0.1429963279734475,0.9245917336188718,True,0.002,False,long-memory,False,alpha<0.05_floor,True,False,False,False,True
LEN,US Stock,0.5059811196425217,0.1240090513090082,0.8666878617478279,True,0.018,True,summable,True,,False,False,False,False,False
LH,US Stock,0.1541364100941827,0.135140020154247,0.8577620099499959,True,0.002,True,indeterminate,True,,False,False,False,False,False
LIN,US Stock,0.256876320395824,0.0802761073673831,0.8169813882078374,True,0.002,True,indeterminate,True,,False,False,False,False,False
LLY,US Stock,0.0940928720686177,0.1008006956096589,0.9038582197364096,True,0.002,True,indeterminate,False,degenerate_SE,False,False,False,False,True
LMT,US Stock,0.1554868757302294,0.1107734753946607,0.722825674687587,True,0.002,True,indeterminate,True,,False,False,False,False,False
LNC,US Stock,0.1230926601648469,0.1440055218468738,0.92341801476628,True,0.002,True,summable,False,degenerate_SE,False,False,False,False,True
LOW,US Stock,0.3530340716422016,0.1563295007737165,0.814785911917618,True,0.01,True,indeterminate,True,,False,False,False,False,False
LRCX,US Stock,0.2884197908264069,0.0902045728620141,0.8438447428886972,True,0.004,True,summable,True,,False,False,False,False,False
LUV,US Stock,0.0297189976129504,0.0750193098533087,0.8479478072234874,True,0.002,False,indeterminate,False,alpha<0.05_floor,True,False,False,False,True
MA,US Stock,0.1437618623721959,0.0819911782113094,0.93527633816109,True,0.002,False,long-memory,True,,False,False,False,False,False
MAR,US Stock,0.2816500720139664,0.0852962912561764,0.8265766856348348,True,0.002,True,indeterminate,True,,False,False,False,False,False
MARA,US Stock,0.3444142041771753,0.096431012008343,0.9591889544607356,False,0.412,True,summable,True,,False,False,False,False,False
MAT,US Stock,0.0008940501154331,0.0001294626258615,0.929798604299889,True,0.002,False,indeterminate,False,alpha<0.05_floor,True,False,False,False,False
MCD,US Stock,0.1718732323733069,0.0992913088617499,0.7943798351292791,True,0.002,True,indeterminate,True,,False,False,False,False,False
MCHP,US Stock,0.2664555870004146,0.1093069560488271,0.8309727998588748,True,0.002,True,summable,True,,False,False,False,False,False
MCK,US Stock,0.0020604595587663,0.0021105730787156,0.7332276041866405,True,0.018,False,indeterminate,False,alpha<0.05_floor,True,False,False,False,True
MCO,US Stock,0.0828528689087201,0.0845140151275154,0.7906178914903442,True,0.002,False,long-memory,False,degenerate_SE,False,False,False,False,True
MDLZ,US Stock,0.1583794040910028,0.099783835567265,0.6421787512710627,True,0.002,True,indeterminate,True,,False,False,False,False,False
MDT,US Stock,0.3294892922060948,0.2198170041350242,0.6146309814844674,False,0.122,True,indeterminate,True,,False,False,False,False,False
MET,US Stock,0.2784130744317479,0.0745940967004845,0.7727559718603226,True,0.002,True,indeterminate,True,,False,False,False,False,False
META,US Stock,0.0114764002451077,0.1002147303435272,0.8644279318333874,True,0.032,False,indeterminate,False,alpha<0.05_floor,True,False,False,False,True
MHK,US Stock,0.0739368970053243,0.1436770700192921,0.9303069341594368,True,0.002,False,indeterminate,False,degenerate_SE,False,False,False,False,True
MKC,US Stock,0.1256605255980159,0.1125844269046278,0.6943480392052508,True,0.002,True,indeterminate,True,,False,False,False,False,False
MLM,US Stock,0.6595766432735275,0.4893688749500548,0.7305615258218225,False,0.448,True,indeterminate,True,,False,False,False,False,False
MMM,US Stock,0.03665365734259,0.1495315389133673,0.7787734465058405,True,0.002,False,indeterminate,False,alpha<0.05_floor,True,False,False,False,True
MNST,US Stock,0.0024315601777707,0.0008183901891987,0.976786797147649,True,0.002,False,indeterminate,False,alpha<0.05_floor,True,False,False,False,False
MO,US Stock,0.0043993540417575,0.0034724237022552,0.8142094582390084,True,0.002,False,long-memory,False,alpha<0.05_floor,True,False,False,False,False
MOS,US Stock,0.3636897341849712,0.1119209978217187,0.90115408199563,True,0.002,True,summable,True,,False,False,False,False,False
MPC,US Stock,0.1788980156908874,0.1292629048004333,0.6134853740231342,True,0.002,False,long-memory,True,,False,False,False,False,False
MRK,US Stock,0.0041096724317394,0.0016432062249165,0.5131407261476898,False,0.1,False,indeterminate,False,alpha<0.05_floor,True,False,False,False,False
MRVL,US Stock,0.2782090087184102,0.1950288689538859,0.8812845661163451,True,0.01,True,summable,True,,False,False,False,False,False
MS,US Stock,0.3086848745188895,0.0699529202037499,0.8302816451555878,True,0.002,True,summable,True,,False,False,False,False,False
MSCI,US Stock,0.0390339960850221,0.2084019585748039,0.6699157914894304,False,0.182,False,indeterminate,False,alpha<0.05_floor,True,False,False,False,True
MSFT,US Stock,0.3072857912462126,0.1038100368253152,0.7618424463448678,True,0.002,True,indeterminate,True,,False,False,False,False,False
MTB,US Stock,0.2631911427819494,0.0843090631617058,0.9102631700018534,True,0.002,True,indeterminate,True,,False,False,False,False,False
MTD,US Stock,0.24634849378892,0.1285098737025662,0.7876058538468462,True,0.008,True,indeterminate,True,,False,False,False,False,False
MU,US Stock,0.4679141568603233,0.1599851389680465,0.7948691811836399,False,0.07,True,summable,True,,False,False,False,False,False
NDAQ,US Stock,0.1643043793077238,0.0753980634834416,0.8901004488519774,True,0.002,True,summable,True,,False,False,False,False,False
NDSN,US Stock,0.0777509689133315,0.1347669008628798,0.771131394295891,True,0.006,False,long-memory,False,degenerate_SE,False,False,False,False,True
NEE,US Stock,0.1347670917481602,0.0683060802348828,0.8469779191622399,True,0.002,True,indeterminate,True,,False,False,False,False,False
NEM,US Stock,0.565038492774647,0.2165185354799794,0.8145418868387733,False,0.14,True,summable,True,,False,False,False,False,False
NFLX,US Stock,0.4868464537119177,1.6458496974288317,0.7881387399345284,False,0.64,True,summable,False,degenerate_SE,False,False,False,False,True
NI,US Stock,0.2006973863015757,0.0707747168850513,0.7053634468535162,True,0.002,True,indeterminate,True,,False,False,False,False,False
NKE,US Stock,0.0791781868644432,0.0922637121436898,0.7920455777303038,True,0.002,False,long-memory,False,degenerate_SE,False,False,False,False,True
NOC,US Stock,0.1387415789385043,0.0947396695768271,0.822715193241027,True,0.002,True,indeterminate,True,,False,False,False,False,False
NOV,US Stock,0.2267187060519124,0.1082753989316051,0.8420047876234444,True,0.002,True,indeterminate,True,,False,False,False,False,False
NOW,US Stock,0.2093926330150292,0.3010816666870597,0.7458640978169643,False,0.068,False,long-memory,False,degenerate_SE,False,False,False,False,True
NSC,US Stock,0.4735569419708925,0.1305390039213485,0.7737856981048531,True,0.03,True,indeterminate,True,,False,False,False,False,False
NTAP,US Stock,0.00267959945532,0.0004591618355069,0.756796403102704,True,0.002,False,indeterminate,False,alpha<0.05_floor,True,False,False,False,False
NTRS,US Stock,0.2661845505609559,0.0726743988221336,0.7616517606212297,True,0.002,True,summable,True,,False,False,False,False,False
NUE,US Stock,0.5676569808916974,0.1297418119886028,0.8481086405404139,True,0.006,True,summable,True,,False,False,False,False,False
NVDA,US Stock,0.0552978444494839,0.1317897200193639,0.9218586806608906,True,0.002,False,long-memory,False,degenerate_SE,False,False,False,False,True
NVR,US Stock,0.3067039351084302,0.1052012383984568,0.8076329380705809,True,0.002,True,indeterminate,True,,False,False,False,False,False
NXPI,US Stock,0.4396223930424819,0.0366902241117082,1.0068120962972784,True,0.008,True,indeterminate,False,nonstationary_P>=1,False,False,False,True,False
O,US Stock,0.2721929240581426,0.0669839245061164,0.8030539228290343,True,0.002,True,indeterminate,True,,False,False,False,False,False
ODFL,US Stock,0.0875884680148012,0.0809804600241895,0.9878193832124256,True,0.002,False,indeterminate,True,,False,False,False,False,False
OKE,US Stock,0.1916507808510313,0.0917012225276529,0.7954981473870882,True,0.002,True,indeterminate,True,,False,False,False,False,False
OMC,US Stock,0.3447707167178541,0.1414676087887981,0.815800495194063,True,0.036,True,indeterminate,True,,False,False,False,False,False
ON,US Stock,0.1903621487907561,0.0778670825636555,0.9176513717397962,True,0.002,True,summable,True,,False,False,False,False,False
ORCL,US Stock,0.1078192268360343,0.1155721418050313,0.8299508415791952,True,0.002,False,indeterminate,False,degenerate_SE,False,False,False,False,True
ORLY,US Stock,0.3397343270410976,0.2387971838134865,0.7598301842739111,False,0.066,True,indeterminate,True,,False,False,False,False,False
OXY,US Stock,0.2746427799030589,0.1472309722941832,0.9140881723446708,True,0.002,True,indeterminate,True,,False,False,False,False,False
PANW,US Stock,3.0,9.162134017792695,0.23013957217539,True,0.018,True,indeterminate,False,alpha_capped,False,True,False,False,True
PAYX,US Stock,0.2896400968928556,0.0935171628539046,0.8017204093691732,True,0.002,True,indeterminate,True,,False,False,False,False,False
PCAR,US Stock,0.370157801799748,0.1358924924249338,0.8115803901250556,True,0.004,True,summable,True,,False,False,False,False,False
PEG,US Stock,0.2841764801954284,0.0733978503926572,0.7654715399313345,True,0.002,True,indeterminate,True,,False,False,False,False,False
PEP,US Stock,0.1358304989943688,0.0858138780998936,0.7863317177158496,True,0.002,True,indeterminate,True,,False,False,False,False,False
PFE,US Stock,0.2499867994943045,0.1129329576975329,0.860252229289313,True,0.002,True,indeterminate,True,,False,False,False,False,False
PG,US Stock,0.2063206365560648,0.1007102650272359,0.7205027335311402,True,0.024,True,indeterminate,True,,False,False,False,False,False
PGR,US Stock,0.2243964738020958,0.102289913229089,0.8414977545056725,True,0.002,True,summable,True,,False,False,False,False,False
PH,US Stock,0.3290365502363913,0.1179721416087429,0.7248184312425797,True,0.002,True,indeterminate,True,,False,False,False,False,False
PHM,US Stock,0.265804697488234,0.0968648492505823,0.878106507723892,True,0.002,True,summable,True,,False,False,False,False,False
PKG,US Stock,0.2565153991735985,0.1187494015065991,0.6916543065362838,True,0.006,True,summable,True,,False,False,False,False,False
PLD,US Stock,0.3536276489716505,0.0821486872084501,0.8203933337936115,True,0.002,True,indeterminate,True,,False,False,False,False,False
PM,US Stock,0.0015873271045821,0.0002873254922891,0.6563511958439419,True,0.002,False,long-memory,False,alpha<0.05_floor,True,False,False,False,False
PNC,US Stock,0.1778968382373765,0.0740733323285127,0.8639359310626982,True,0.002,True,summable,True,,False,False,False,False,False
POOL,US Stock,0.0025288694798783,0.0004044972552864,0.8944854997523172,True,0.002,False,indeterminate,False,alpha<0.05_floor,True,False,False,False,False
PPG,US Stock,0.2635545030496505,0.0817469717898684,0.7706815497281747,True,0.002,True,indeterminate,True,,False,False,False,False,False
PPL,US Stock,0.1774088183767856,0.1021096375854646,0.7712811593708774,True,0.002,True,indeterminate,True,,False,False,False,False,False
PRU,US Stock,0.2511769849189754,0.0681596842163867,0.7715265487504098,True,0.002,True,summable,True,,False,False,False,False,False
PSA,US Stock,0.2629090041774727,0.0878106383368026,0.7911646007129861,True,0.002,True,summable,True,,False,False,False,False,False
PSX,US Stock,0.2393487240269704,0.1413603600472832,0.8237019845094139,True,0.01,True,indeterminate,True,,False,False,False,False,False
PVH,US Stock,0.1310737138187061,0.113902069174213,0.8148636872148891,True,0.004,False,long-memory,True,,False,False,False,False,False
PWR,US Stock,0.2749412213666226,0.1473231959172613,0.9337394348936786,True,0.034,True,summable,True,,False,False,False,False,False
QCOM,US Stock,0.0281826016636173,0.1099036873317739,0.7993045293504982,True,0.008,False,indeterminate,False,alpha<0.05_floor,True,False,False,False,True
REGN,US Stock,0.0015305415492232,0.0007368620997792,0.9888620951808492,True,0.002,False,indeterminate,False,alpha<0.05_floor,True,False,False,False,False
RF,US Stock,0.1818588942658875,0.0549572603960409,0.9484464099106916,True,0.002,True,summable,True,,False,False,False,False,False
RHI,US Stock,0.2043588168194266,0.1088603484433463,0.7972594795026373,False,0.062,True,indeterminate,True,,False,False,False,False,False
RL,US Stock,0.0444682892411688,0.3243591500415158,0.72272962073089,True,0.01,False,indeterminate,False,alpha<0.05_floor,True,False,False,False,True
RMD,US Stock,0.0014804129105571,0.0002059604865643,0.4512920465701663,True,0.002,False,indeterminate,False,alpha<0.05_floor,True,False,False,False,False
ROK,US Stock,0.2981389590754023,0.1224845604084629,0.678891320642977,False,0.05,True,indeterminate,True,,False,False,False,False,False
ROP,US Stock,0.211604421714362,0.0934352559748363,0.7742281963677403,True,0.002,True,indeterminate,True,,False,False,False,False,False
ROST,US Stock,0.3084684275172908,0.1197885218913728,0.7818093920609245,True,0.002,True,indeterminate,True,,False,False,False,False,False
RPM,US Stock,0.0564023207090113,0.086817553421168,0.785037491047452,True,0.002,False,long-memory,False,degenerate_SE,False,False,False,False,True
RSG,US Stock,0.0013378628946087,0.0002059762281889,0.7919423334176102,True,0.002,False,indeterminate,False,alpha<0.05_floor,True,False,False,False,False
RTX,US Stock,0.3279570556609247,0.1317082120556573,0.8693896177209652,True,0.038,True,indeterminate,True,,False,False,False,False,False
SBUX,US Stock,0.2028948373329647,0.1492920731520491,0.7844022615478498,True,0.01,False,long-memory,True,,False,False,False,False,False
SCHW,US Stock,0.180532019091362,0.0717064625579515,0.8072133032733382,True,0.002,True,summable,True,,False,False,False,False,False
SHW,US Stock,0.2555327012880954,0.1016867910997771,0.7906568606293035,True,0.016,True,summable,True,,False,False,False,False,False
SJM,US Stock,0.001287742514681,0.0004974521416059,0.7260992030502251,True,0.002,False,indeterminate,False,alpha<0.05_floor,True,False,False,False,False
SLB,US Stock,0.456506433096625,0.1583346463113479,0.8769139261455192,True,0.01,True,indeterminate,True,,False,False,False,False,False
SNA,US Stock,0.223426986014884,0.1237690698493446,0.6482867256978078,True,0.012,True,indeterminate,True,,False,False,False,False,False
SNPS,US Stock,0.0022292936285402,0.0004649341590796,0.999401907653864,True,0.012,False,indeterminate,False,alpha<0.05_floor,True,False,False,False,False
SO,US Stock,0.2549247037839768,0.070683366571319,0.808864768981925,True,0.002,True,indeterminate,True,,False,False,False,False,False
SPG,US Stock,0.2553408138234614,0.0861376895541906,0.8857611631696398,True,0.002,True,indeterminate,True,,False,False,False,False,False
SPGI,US Stock,0.246882716927485,0.1418638619059557,0.7872597095466578,True,0.024,True,indeterminate,True,,False,False,False,False,False
SRE,US Stock,0.5221520437975187,0.3567728431323722,0.7880914972361786,False,0.132,True,indeterminate,True,,False,False,False,False,False
STT,US Stock,0.312131895733697,0.1405199792693238,0.903412316508496,True,0.006,True,summable,True,,False,False,False,False,False
STX,US Stock,0.3835098380484852,0.3112436558036526,0.7748855221065095,False,0.192,True,summable,True,,False,False,False,False,False
STZ,US Stock,0.106636370966712,0.1738174817632541,0.8203299003295873,True,0.006,False,long-memory,False,degenerate_SE,False,False,False,False,True
SWK,US Stock,0.2011637446098437,0.1336443055011281,0.8962411360064804,True,0.002,True,indeterminate,True,,False,False,False,False,False
SWKS,US Stock,0.1017622485255911,0.1140526997125112,0.8100603649367832,True,0.002,False,indeterminate,False,degenerate_SE,False,False,False,False,True
SYF,US Stock,0.0029916615729872,0.0003713430511705,0.6545289757779662,True,0.04,False,indeterminate,False,alpha<0.05_floor,True,False,False,False,False
SYK,US Stock,0.2761422983193122,0.0880673898288081,0.7122349289339686,True,0.006,True,indeterminate,True,,False,False,False,False,False
SYY,US Stock,0.0233870186410526,0.0826517010821416,0.66457738929357,True,0.004,False,indeterminate,False,alpha<0.05_floor,True,False,False,False,True
T,US Stock,0.168587196534671,0.0958384253971574,0.8293056449570428,True,0.002,True,indeterminate,True,,False,False,False,False,False
TDG,US Stock,0.0646149431791105,0.0916292738425928,0.7788682569918851,True,0.002,False,long-memory,False,degenerate_SE,False,False,False,False,True
TECH,US Stock,0.1588869847117716,0.1116663392118333,0.9553257421930212,True,0.002,True,summable,True,,False,False,False,False,False
TEL,US Stock,0.3190293208127923,0.0865144033556435,0.7565572290605982,True,0.004,True,indeterminate,True,,False,False,False,False,False
TER,US Stock,0.0534573259246852,0.0845637847617209,0.9134794266295476,True,0.002,False,indeterminate,False,degenerate_SE,False,False,False,False,True
TFC,US Stock,0.2581552278380056,0.0626660655856026,0.9405081805709654,True,0.002,True,summable,True,,False,False,False,False,False
TGT,US Stock,0.213636784900822,0.1756364422153295,0.9001184669413019,True,0.012,True,summable,True,,False,False,False,False,False
TJX,US Stock,0.2901258055172521,0.0782841899774762,0.8484670152616418,True,0.002,True,indeterminate,True,,False,False,False,False,False
TMO,US Stock,0.2131526330584359,0.10646181146536,0.7737876019166106,True,0.002,True,indeterminate,True,,False,False,False,False,False
TMUS,US Stock,0.0014001021963142,0.0007228676157355,1.0000588533809138,True,0.044,False,indeterminate,False,alpha<0.05_floor,True,False,False,True,False
TPR,US Stock,0.0036408010552575,0.0002864144141185,0.6793076036867248,True,0.002,False,indeterminate,False,alpha<0.05_floor,True,False,False,False,False
TRMB,US Stock,0.2692138099176507,0.0892517108044562,0.7834823286720223,True,0.002,True,summable,True,,False,False,False,False,False
TROW,US Stock,0.3125024104585528,0.0740803588080837,0.8691636559389053,True,0.002,True,indeterminate,True,,False,False,False,False,False
TRV,US Stock,0.183182477998506,0.0802226133560869,0.7891069421457098,True,0.002,True,indeterminate,True,,False,False,False,False,False
TSLA,US Stock,0.3518086614269965,0.1762307981094256,0.7923604035383554,False,0.06,True,indeterminate,True,,False,False,False,False,False
TT,US Stock,0.293805203860264,0.0849305706657071,0.7847768251160914,True,0.002,True,indeterminate,True,,False,False,False,False,False
TTWO,US Stock,0.0520366480914829,0.144131355647748,0.841445635090363,True,0.002,False,indeterminate,False,degenerate_SE,False,False,False,False,True
TXN,US Stock,0.3437766445156509,0.1104549842508151,0.8643926680046555,True,0.008,True,summable,True,,False,False,False,False,False
UAL,US Stock,0.2399050705443995,0.1149594476136064,0.8942614717674642,True,0.002,True,summable,True,,False,False,False,False,False
UNH,US Stock,0.1896455954413859,0.1498957617427838,0.8368386918375115,True,0.002,True,indeterminate,True,,False,False,False,False,False
UNM,US Stock,0.6029381302242968,0.4418286633398492,0.8029937736219653,False,0.488,True,summable,True,,False,False,False,False,False
UNP,US Stock,0.4163634000814633,0.1286525071837127,0.7194761560350657,True,0.016,True,summable,True,,False,False,False,False,False
UPS,US Stock,0.0011828978316233,0.0025311675304798,0.9335152443570334,True,0.002,False,indeterminate,False,alpha<0.05_floor,True,False,False,False,True
URI,US Stock,0.2094620682280282,0.2027071604425095,0.5075596536109083,False,0.07,True,indeterminate,True,,False,False,False,False,False
USB,US Stock,0.2430809645531639,0.0577917726366062,0.9232133471423936,True,0.002,True,summable,True,,False,False,False,False,False
V,US Stock,0.2100286389946612,0.1116496797708053,0.7729473956013967,True,0.002,True,indeterminate,True,,False,False,False,False,False
VLO,US Stock,0.3915157132351296,0.1328047820069509,0.8155636514724509,True,0.01,True,indeterminate,True,,False,False,False,False,False
VMC,US Stock,0.3673957449842927,0.1440586442686441,0.7913797778597854,True,0.014,True,indeterminate,True,,False,False,False,False,False
VNQ,US Stock,0.3938691797332237,0.0758491671468805,0.8730294133101887,True,0.002,True,indeterminate,True,,False,False,False,False,False
VRSN,US Stock,0.245614522969736,0.0936837947151098,0.9592717327896526,True,0.002,True,summable,True,,False,False,False,False,False
VRTX,US Stock,0.0010710321724893,0.0003052427831519,0.9374290280674462,True,0.004,False,indeterminate,False,alpha<0.05_floor,True,False,False,False,False
VZ,US Stock,0.1884747494455943,0.0906266287504349,0.7973647985568962,True,0.002,True,summable,True,,False,False,False,False,False
WAT,US Stock,0.0710570650425073,0.1370806876022378,0.7472630133292075,True,0.002,False,indeterminate,False,degenerate_SE,False,False,False,False,True
WDAY,US Stock,0.6674214974776208,0.8536981027522497,0.425025908870448,False,0.728,True,indeterminate,False,degenerate_SE,False,False,False,False,True
WDC,US Stock,0.1934670854538484,0.0951547264407523,0.851559340607388,True,0.002,True,summable,True,,False,False,False,False,False
WEC,US Stock,0.3498735124336363,0.1021643783817751,0.7226256632994279,True,0.002,True,indeterminate,True,,False,False,False,False,False
WFC,US Stock,0.1976055980000908,0.0723055908124864,0.9776112552731784,True,0.002,True,summable,True,,False,False,False,False,False
WHR,US Stock,0.0085802058437326,0.0377127304685405,0.7001636589438602,True,0.002,False,indeterminate,False,alpha<0.05_floor,True,False,False,False,True
WM,US Stock,0.0542879774468046,0.0926661930997471,0.791663444820335,True,0.002,False,long-memory,False,degenerate_SE,False,False,False,False,True
WMB,US Stock,0.0961170845251677,0.0740152695711092,0.7380898139568056,True,0.002,True,indeterminate,True,,False,False,False,False,False
WMT,US Stock,0.1549260365040608,0.1731344410448003,0.7591519750320046,True,0.002,True,summable,False,degenerate_SE,False,False,False,False,True
WST,US Stock,0.0011504500120254,0.0005612477891602,0.9304445727020432,True,0.018,False,indeterminate,False,alpha<0.05_floor,True,False,False,False,False
XEL,US Stock,0.3973224009135869,0.0782772870903897,0.753554702614857,True,0.002,True,indeterminate,True,,False,False,False,False,False
XOM,US Stock,0.4757596426749382,0.1167698282710989,0.8810089046355694,True,0.002,True,indeterminate,True,,False,False,False,False,False
XPO,US Stock,0.0033921168531669,0.0038368519620646,0.7121398269258257,True,0.002,False,long-memory,False,alpha<0.05_floor,True,False,False,False,True
XYL,US Stock,0.0973664992686665,0.1686154360712946,0.6331430387460676,True,0.002,False,long-memory,False,degenerate_SE,False,False,False,False,True
YUM,US Stock,0.6560534384964509,0.2211972564074143,0.8033515125227524,False,0.26,True,indeterminate,True,,False,False,False,False,False
ZBH,US Stock,0.2140059462324421,0.1677112082690096,0.6452723852182888,True,0.016,True,indeterminate,True,,False,False,False,False,False
ZBRA,US Stock,0.3639089520361747,0.2953831924390558,0.666937529112972,False,0.188,True,summable,True,,False,False,False,False,False
ZION,US Stock,0.2265595491380003,0.0609162439624385,0.9340034607286146,True,0.002,True,summable,True,,False,False,False,False,False
ZTS,US Stock,0.0008552952520745,0.0003664117244214,0.7777397752507202,True,0.028,False,indeterminate,False,alpha<0.05_floor,True,False,False,False,False
^VIX,Volatility,0.0067050003458306,0.0009423103549471,0.6797830231859502,True,0.006,False,indeterminate,False,alpha<0.05_floor,True,False,False,False,False
^VXN,Volatility,0.0655628012834328,0.0919124272096971,0.7174138028970377,True,0.002,False,indeterminate,False,degenerate_SE,False,False,False,False,True
