Ticker,Class,Sector,T,BIC_winner,LLF_winner,GARCH_LLF,GARCH_BIC,GARCH_beta,SEARCH_LLF,SEARCH_BIC,SEARCH_alpha,SEARCH_c,GMARCH_LLF,GMARCH_BIC,GMARCH_delta,GMARCH_lam,GMARCH_H,FIGARCH_LLF,FIGARCH_BIC,FIGARCH_d,FIGARCH_phi,FIGARCH_beta1,HYGARCH_LLF,HYGARCH_BIC,HYGARCH_d,HYGARCH_tau
SPY,US Index,Broad Market,6599,FIGARCH,FIGARCH,-2466.548751,4967.958398,0.878943,-2440.008874,4923.593869,0.338775,1.598660,-2456.105435,4955.786989,-0.498766,0.055694,0.250617,-2421.903338,4896.098020,0.000203,0.836913,0.836535,-2421.908246,4904.823061,0.000225,0.979995
QQQ,US Index,Tech-Heavy,6599,FIGARCH,FIGARCH,-4051.638994,8138.138885,0.893929,-4031.655900,8106.887920,0.306677,1.713966,-4047.259538,8138.095196,-0.493250,0.046804,0.253375,-4020.039021,8092.369387,0.000297,0.863974,0.863671,-4020.041919,8101.090406,0.000339,0.764896
IWM,US Index,Small Cap,6498,SEARCH,HYGARCH,-4409.800722,8854.395500,0.899183,-4400.203187,8843.898945,0.374269,1.123446,-4406.936658,8857.365888,-0.419103,0.048659,0.290449,-4396.419438,8845.029961,0.000307,0.894517,0.894219,-4395.862496,8852.614591,0.000230,0.693158
DIA,US Index,Blue Chip,6599,FIGARCH,FIGARCH,-2122.872060,4280.605017,0.870747,-2101.832173,4247.240467,0.403848,1.169624,-2115.090110,4273.756341,-0.495710,0.059558,0.252145,-2093.350147,4238.991637,0.000190,0.845064,0.844650,-2093.350944,4247.708456,0.000204,0.576297
MDY,US Index,Mid Cap,6599,FIGARCH,FIGARCH,-3527.583843,7090.028583,0.890680,-3512.149932,7067.875985,0.346782,1.377729,-3521.564591,7086.705301,-0.499980,0.046850,0.250010,-3504.356968,7061.005280,0.000272,0.875985,0.875655,-3504.361248,7069.729064,0.000279,0.809302
XLK,Sector ETF,Technology,6599,FIGARCH,HYGARCH,-4133.745273,8302.351443,0.899171,-4103.403023,8250.382166,0.280208,1.933574,-4122.279167,8288.134454,-0.499997,0.044622,0.250001,-4097.446004,8247.183352,0.000257,0.874230,0.874038,-4097.443244,8255.893056,0.000305,0.959934
XLF,Sector ETF,Financials,6599,FIGARCH,HYGARCH,-4224.418680,8483.698257,0.876649,-4193.022667,8429.621454,0.255834,2.454673,-4211.250308,8466.076735,-0.497458,0.053948,0.251271,-4186.387306,8425.065957,0.000384,0.839655,0.839123,-4186.386057,8433.778681,0.000378,0.900204
XLE,Sector ETF,Energy,6599,SEARCH,HYGARCH,-5443.139435,10921.139767,0.921314,-5434.944565,10913.465251,0.444674,0.770417,-5437.451947,10918.480014,-0.426553,0.040317,0.286724,-5434.828967,10921.949277,0.000581,0.920449,0.919855,-5434.828795,10930.664158,0.000556,1.000000
XLV,Sector ETF,Healthcare,6599,FIGARCH,FIGARCH,-2428.919256,4892.699407,0.883044,-2422.013145,4887.602409,0.459963,0.850038,-2426.965124,4897.506369,-0.418710,0.061188,0.290645,-2415.559173,4883.409691,0.000258,0.866854,0.866418,-2415.562032,4892.130633,0.000473,0.458984
XLP,Sector ETF,Consumer Staples,6599,SEARCH,SEARCH,-1376.850140,2788.561175,0.889036,-1368.693847,2780.963814,0.481997,0.770106,-1371.555235,2786.686590,-0.474824,0.053187,0.262588,-1369.547239,2791.385821,0.000328,0.881295,0.880566,-1369.547936,2800.102441,0.000483,0.678333
XLU,Sector ETF,Utilities,6599,SEARCH,SEARCH,-2934.913811,5904.688519,0.905474,-2917.173562,5877.923245,0.348015,1.432614,-2920.007572,5883.591265,-0.499993,0.044640,0.250003,-2918.708043,5889.707431,0.090663,0.973356,0.943243,-2918.708044,5898.422655,0.090665,0.999999
XLI,Sector ETF,Industrials,6599,SEARCH,FIGARCH,-3381.449446,6797.759789,0.918094,-3363.817549,6771.211219,0.401123,0.985206,-3368.767330,6781.110780,-0.499931,0.036945,0.250035,-3363.219683,6778.730711,0.000259,0.905115,0.904867,-3363.222146,6787.450860,0.000292,0.999981
XLY,Sector ETF,Consumer Disc,6599,FIGARCH,HYGARCH,-3671.470426,7377.801747,0.895397,-3658.187032,7359.950185,0.338137,1.399950,-3668.416164,7380.408448,-0.499924,0.042225,0.250038,-3649.134684,7350.560711,0.000337,0.881458,0.881077,-3649.128580,7359.263729,0.000620,0.460181
XLB,Sector ETF,Materials,6599,SEARCH,HYGARCH,-4203.783229,8442.427353,0.909792,-4179.277180,8402.130480,0.276778,1.919409,-4188.501988,8420.580097,-0.499922,0.037614,0.250039,-4177.289249,8406.869842,0.000653,0.890619,0.890259,-4177.066936,8415.140440,0.000495,0.992420
EWJ,International,Japan,6599,SEARCH,SEARCH,-3829.742446,7694.345788,0.893768,-3811.997060,7667.570240,0.305345,1.806526,-3817.336001,7678.248122,-0.499824,0.052527,0.250088,-3814.230012,7680.751369,0.035997,0.920573,0.900586,-3814.007829,7689.022227,0.080840,0.021790
EWG,International,Germany,6599,SEARCH,FIGARCH,-4621.274175,9277.409245,0.909584,-4612.090626,9267.757373,0.436638,0.843782,-4617.584894,9278.745909,-0.413737,0.047096,0.293132,-4608.710416,9269.712177,0.000306,0.893107,0.892751,-4608.724350,9278.455269,0.000647,0.486020
EWU,International,UK,6599,FIGARCH,FIGARCH,-3621.264055,7277.389007,0.892057,-3614.217564,7272.011249,0.443345,0.911779,-3618.257539,7280.091199,-0.406780,0.060920,0.296610,-3607.674669,7267.640683,0.000290,0.873010,0.872512,-3607.690305,7276.387177,0.000613,0.780309
EWC,International,Canada,6599,SEARCH,HYGARCH,-3617.401063,7269.663021,0.911041,-3599.814770,7243.205659,0.345823,1.332558,-3605.540806,7254.657731,-0.486183,0.041010,0.256909,-3599.820194,7251.931732,0.000848,0.898467,0.897851,-3599.293753,7259.594075,0.001849,0.986907
EWA,International,Australia,6599,SEARCH,SEARCH,-4639.813524,9314.487944,0.905696,-4617.036797,9277.649714,0.275929,2.042226,-4625.577766,9294.731653,-0.499857,0.044841,0.250072,-4617.718466,9287.728277,0.008262,0.897034,0.891299,-4617.712583,9296.431734,0.010302,0.822111
EWZ,International,Brazil,6465,SEARCH,SEARCH,-7140.263045,14315.298064,0.899613,-7126.393374,14296.251716,0.335355,1.463472,-7130.572653,14304.610273,-0.499876,0.044484,0.250062,-7127.834506,14307.826974,0.006792,0.900474,0.894511,-7127.833254,14316.517464,0.007865,0.892962
EWY,International,South Korea,6508,SEARCH,FIGARCH,-5825.317788,11685.436301,0.903945,-5818.131520,11679.763946,0.410881,0.946910,-5823.863745,11691.228397,-0.391093,0.049199,0.304453,-5814.881821,11681.964730,0.000277,0.884568,0.884237,-5824.567503,11710.036274,0.006762,0.213916
FXI,International,China,5402,SEARCH,SEARCH,-5123.348268,10280.682865,0.912184,-5111.832380,10266.147672,0.367402,1.204320,-5115.457508,10273.397928,-0.497702,0.040993,0.251149,-5114.262288,10279.504070,0.000831,0.903020,0.902243,-5114.262586,10288.001248,0.001049,1.000000
EWH,International,Hong Kong,6599,SEARCH,HYGARCH,-4445.627517,8926.115931,0.910714,-4432.288237,8908.152594,0.307210,1.621982,-4437.656764,8918.889648,-0.499646,0.038745,0.250177,-4429.946731,8912.184805,0.000633,0.900002,0.899566,-4429.943627,8920.893823,0.000497,0.960448
EWT,International,Taiwan,6479,SEARCH,FIGARCH,-5039.485803,10113.752963,0.904452,-5018.709678,10080.896052,0.275086,1.932211,-5028.556728,10100.590152,-0.493830,0.039270,0.253085,-5018.533471,10089.238977,0.000367,0.883052,0.882823,-5018.536014,10097.939403,0.000428,1.000000
FXE,Currency,EUR/USD,5105,GARCH,GMARCH,689.089762,-1344.443408,0.958405,689.243868,-1336.317591,1.182846,0.019906,689.394864,-1336.619582,0.139894,0.050646,0.569947,689.089762,-1327.575350,0.000000,0.999197,0.958405,689.089762,-1319.141322,0.000000,0.000000
FXY,Currency,JPY/USD,4812,SEARCH,SEARCH,263.680196,-493.887476,0.929467,275.661805,-509.482464,0.293748,1.578960,272.575598,-503.310051,-0.499801,0.026834,0.250099,274.072363,-497.935352,0.000516,0.922060,0.921865,274.081065,-489.584527,0.000328,0.999351
FXB,Currency,GBP/USD,4971,GARCH,SEARCH,427.464363,-821.310836,0.918270,430.126975,-818.231589,0.535802,0.504434,428.700704,-815.379047,-0.359050,0.046458,0.320475,429.847902,-809.268971,0.000374,0.912145,0.911592,429.945182,-801.059058,0.003082,0.487189
FXA,Currency,AUD/USD,4971,GARCH,SEARCH,-506.132729,1045.883347,0.944794,-505.332727,1052.687815,0.694902,0.196278,-505.868415,1053.759191,-0.129121,0.046537,0.435439,-505.604505,1061.635843,0.000102,0.945996,0.945719,-506.132730,1071.096765,0.000455,0.000800
FXC,Currency,CAD/USD,4971,GARCH,FIGARCH,1126.668523,-2219.719157,0.953777,1126.756225,-2211.490089,0.841453,0.091371,1126.733940,-2211.445518,-0.068447,0.042938,0.465776,1127.548517,-2204.670201,0.000176,0.955626,0.955352,1127.539921,-2196.248536,0.000347,0.888046
FXF,Currency,CHF/USD,4971,GARCH,GARCH,87.773652,-141.929414,0.949759,84.892933,-127.763504,1.042996,0.050900,79.202970,-116.383579,0.049124,0.061877,0.524562,78.622042,-106.817251,0.029600,0.999109,0.954369,83.967541,-109.103776,0.046628,0.046703
GLD,Commodity,Precious Metals,5373,SEARCH,SEARCH,-2522.053974,5078.070523,0.920912,-2513.747950,5069.949119,0.420694,0.790695,-2517.452602,5077.358424,-0.499897,0.025793,0.250052,-2517.792174,5086.528210,0.000242,0.922388,0.922137,-2517.797141,5095.028790,0.000336,0.957615
SLV,Commodity,Precious Metals,5011,SEARCH,SEARCH,-4874.115805,9781.885158,0.930637,-4867.503185,9777.073306,0.492068,0.568582,-4868.061616,9778.190167,-0.436547,0.032312,0.281726,-4868.903865,9788.288051,0.020701,0.960140,0.942944,-4869.398529,9797.690767,0.183201,0.302992
USO,Commodity,Energy,5024,GARCH,FIGARCH,-5433.283616,10900.232302,0.882910,-5431.286069,10904.653475,0.691713,0.365087,-5431.035636,10904.152609,-0.302125,0.084180,0.348938,-5429.711708,10909.921020,0.037975,0.956784,0.901582,-5429.711751,10918.337372,0.037983,0.999652
UNG,Commodity,Energy,4768,GMARCH,GMARCH,-6520.349216,13074.130283,0.916831,-6516.997616,13075.785047,1.778016,0.006056,-6516.145491,13074.080798,0.549652,0.145275,0.774826,-6520.349203,13090.846183,0.000000,0.997546,0.916831,-6520.349214,13099.204169,0.000087,0.001796
DBA,Commodity,Agriculture,4838,GARCH,FIGARCH,-1318.373767,2670.244519,0.929609,-1318.130440,2678.132111,0.827915,0.142217,-1318.261397,2678.394024,-0.082078,0.065988,0.458961,-1317.258438,2684.762353,0.000198,0.928495,0.928111,-1317.258790,2693.137303,0.000228,0.999999
DBB,Commodity,Industrial Metals,4838,SEARCH,SEARCH,-3020.446569,6074.390123,0.940246,-3010.175862,6062.222956,0.286833,1.498265,-3012.351249,6066.573728,-0.499986,0.019351,0.250007,-3013.431371,6077.108218,0.000840,0.954383,0.954164,-3013.424957,6085.469637,0.000542,1.000000
DBC,Commodity,Broad Commodity,5068,SEARCH,SEARCH,-2671.696265,5377.096349,0.926903,-2660.500608,5363.130990,0.332918,1.254691,-2663.902011,5369.933796,-0.499971,0.026993,0.250015,-2662.420351,5375.396430,0.000457,0.930768,0.930561,-2662.422068,5383.825818,0.000545,0.999960
TLT,Fixed Income,Long Govt,5955,SEARCH,FIGARCH,-1704.597708,3443.609633,0.936999,-1695.622659,3434.263089,0.342527,1.174369,-1696.869888,3436.757548,-0.497966,0.026677,0.251017,-1695.025793,3441.672913,0.000432,0.941201,0.941016,-1695.028242,3450.281365,0.000807,1.000000
IEF,Fixed Income,Medium Govt,5955,GARCH,SEARCH,2437.965556,-4841.516894,0.938521,2440.350468,-4837.683164,0.594704,0.333527,2439.895784,-4836.773796,-0.279555,0.040799,0.360223,2439.968549,-4828.315772,0.000357,0.941059,0.940591,2439.968693,-4819.712505,0.000354,0.999609
SHY,Fixed Income,Short Govt,5955,FIGARCH,FIGARCH,11560.233956,-23086.053694,0.931959,11561.201728,-23079.385685,0.737723,0.175300,11561.302143,-23079.586514,-0.112808,0.056262,0.443596,11569.587700,-23087.554073,0.058207,0.999490,0.953769,11565.723283,-23071.221686,0.181115,0.266735
HYG,Fixed Income,High Yield,4773,SEARCH,SEARCH,1981.268986,-3929.101432,0.878107,2017.757164,-3993.718654,0.283486,2.320757,2000.675989,-3959.556304,-0.496847,0.069205,0.251576,2001.968130,-3953.781450,0.202340,0.998959,0.964342,2000.705908,-3942.897872,0.330943,0.518068
LQD,Fixed Income,Investment Grade,5955,SEARCH,HYGARCH,2368.668198,-4702.922179,0.887942,2393.344654,-4743.671536,0.252160,2.658801,2386.941194,-4730.864616,-0.499617,0.059545,0.250191,2396.482063,-4741.342800,0.122759,0.971000,0.941576,2396.569884,-4732.914888,0.272022,0.027669
BTC-USD,Crypto,Bitcoin,4214,FIGARCH,HYGARCH,-6149.998588,12332.872324,0.830166,-6147.386096,12335.866128,0.358480,1.647102,-6149.320874,12339.735685,-0.388909,0.109176,0.305546,-6135.037015,12319.386753,0.000364,0.794703,0.794108,-6135.035726,12327.602961,0.000329,0.876341
ETH-USD,Crypto,Ethereum,3065,FIGARCH,FIGARCH,-4842.908159,9717.208930,0.828799,-4833.595910,9706.432585,0.179860,4.047867,-4839.369943,9717.980651,-0.498684,0.047182,0.250658,-4829.470176,9706.029270,0.000277,0.749249,0.748999,-4829.476903,9713.890878,0.000403,0.921835
LTC-USD,Crypto,Litecoin,4214,GARCH,HYGARCH,-7556.379282,15145.633712,0.893624,-7556.015675,15153.125285,0.635113,0.419102,-7555.790374,15152.674685,-0.220348,0.087796,0.389826,-7554.919338,15159.151400,0.018945,0.929888,0.898709,-7554.720945,15166.973400,0.164518,0.001790
XRP-USD,Crypto,Ripple,3065,SEARCH,FIGARCH,-5178.179818,10387.752248,0.601985,-5163.914955,10367.070674,0.000014,117722.763547,-5175.315194,10389.871153,-0.499907,0.340243,0.250046,-5162.074529,10371.237977,0.334512,0.797817,0.722748,-5162.074566,10379.086203,0.333906,0.999990
^VIX,Volatility,Vol Index,6599,FIGARCH,FIGARCH,-14749.410908,29533.682712,0.693053,-14722.134676,29487.845473,0.000002,715519.218103,-14746.536972,29536.650063,-0.499177,0.185276,0.250412,-14714.377829,29481.047003,0.000372,0.561132,0.560735,-14714.393668,29489.793904,0.000883,0.763539
AAPL,US Stock,Mega-Cap Tech,6599,SEARCH,HYGARCH,-6954.427317,13943.715530,0.900433,-6933.620061,13910.816243,0.225261,2.682032,-6944.218916,13932.013953,-0.499649,0.040523,0.250176,-6930.426239,13913.143823,0.000891,0.885562,0.885115,-6930.405846,13921.818261,0.000606,0.999802
MSFT,US Stock,Mega-Cap Tech,6599,SEARCH,SEARCH,-5707.459289,11449.779473,0.931055,-5686.499045,11416.574209,0.293719,1.744870,-5690.012776,11423.601672,-0.499998,0.029916,0.250001,-5688.967382,11430.226108,0.133848,0.996881,0.976556,-5688.967418,11438.941404,0.133869,0.999985
GOOG,US Stock,Mega-Cap Tech,5437,SEARCH,FIGARCH,-5156.411051,10346.836913,0.954260,-5137.787764,10318.094041,0.219275,2.507885,-5140.519583,10323.557679,-0.499820,0.017075,0.250090,-5136.500472,10324.023160,0.131202,0.999999,0.984034,-5136.500475,10332.526868,0.131199,1.000000
AMZN,US Stock,Mega-Cap Tech,6599,HYGARCH,HYGARCH,-8226.917653,16488.696202,0.856055,-8125.748710,16295.073540,0.000009,93862.951693,-8218.131461,16479.839042,-0.498544,0.052544,0.250728,-8150.041536,16352.374416,0.078089,0.965377,0.964531,-8100.586490,16262.179549,0.275634,0.000220
NVDA,US Stock,Mega-Cap Tech,6599,SEARCH,SEARCH,-9794.366560,19623.594016,0.924526,-9737.880613,19519.337346,0.034742,27.050760,-9769.211054,19581.998228,-0.499765,0.030193,0.250117,-9738.202813,19528.696971,0.024966,0.997261,0.997261,-9738.200965,19537.408498,0.025233,0.357698
META,US Stock,Mega-Cap Tech,3485,SEARCH,FIGARCH,-3836.729939,7705.459934,0.977017,-3817.888557,7675.777184,0.173774,3.276312,-3819.911102,7679.822275,-0.494160,0.010446,0.252920,-3816.858082,7681.716249,0.108343,1.000000,0.987633,-3816.858093,7689.716284,0.108338,1.000000
JPM,US Stock,Large Value,6599,SEARCH,SEARCH,-5985.484759,12005.830413,0.907256,-5951.438533,11946.453187,0.278053,1.989106,-5964.044893,11971.665906,-0.497810,0.041108,0.251095,-5956.163516,11964.618376,0.025795,0.924687,0.912055,-5956.163516,11973.333601,0.025796,1.000000
JNJ,US Stock,Large Value,6599,FIGARCH,FIGARCH,-3006.051364,6046.963624,0.892949,-3004.327545,6052.231210,0.434698,0.966780,-3004.639721,6052.855563,-0.397313,0.065939,0.301344,-2995.140143,6042.571630,0.000386,0.879630,0.879188,-2995.141444,6051.289456,0.000646,0.867146
XOM,US Stock,Large Value,6599,SEARCH,SEARCH,-4940.641841,9916.144578,0.916772,-4932.803155,9909.182431,0.460318,0.742317,-4934.967002,9913.510125,-0.432820,0.043148,0.283590,-4934.185215,9920.661774,0.001428,0.914646,0.912952,-4934.185198,9929.376964,0.001472,1.000000
PG,US Stock,Large Value,6599,SEARCH,SEARCH,-3141.191292,6317.243480,0.904214,-3125.139963,6293.856046,0.287089,1.994747,-3129.036814,6301.649747,-0.499985,0.042681,0.250007,-3127.465989,6307.223323,0.078547,0.960216,0.939740,-3127.465991,6315.938551,0.078546,0.999996
KO,US Stock,Large Value,6599,SEARCH,SEARCH,-3181.017641,6396.896179,0.924990,-3155.539506,6354.655132,0.293189,1.746264,-3159.979831,6363.535783,-0.498437,0.031821,0.250782,-3158.771658,6369.834660,0.111491,0.988519,0.971764,-3158.771661,6378.549890,0.111491,0.999998
PFE,US Stock,Large Value,6599,SEARCH,HYGARCH,-4951.004191,9936.869277,0.896710,-4929.942466,9903.461052,0.242985,2.637047,-4936.185689,9915.947499,-0.499204,0.050008,0.250398,-4927.428037,9907.147417,0.000654,0.837387,0.836919,-4927.423461,9915.853491,0.000456,0.999990
IBM,US Stock,Classic Tech,6599,FIGARCH,FIGARCH,-5062.776636,10160.414169,0.858708,-5032.480283,10108.536687,0.069271,12.712671,-5049.629273,10142.834665,-0.496746,0.023353,0.251627,-5028.122235,10108.535815,0.000396,0.802317,0.802152,-5028.139893,10117.286355,0.000732,0.999989
GE,US Stock,Classic Industrial,6599,SEARCH,FIGARCH,-6065.060159,12164.981214,0.952775,-6019.903262,12083.382643,0.177477,3.519679,-6029.856056,12103.288232,-0.482703,0.019538,0.258648,-6017.656753,12087.604851,0.127656,0.998256,0.984499,-6017.656754,12096.320077,0.127628,1.000000
INTC,US Stock,Classic Tech,6599,SEARCH,HYGARCH,-7402.273334,14839.407564,0.963493,-7344.234622,14732.045363,0.000006,151646.002679,-7368.390382,14780.356884,-0.492151,0.019060,0.253924,-7341.322778,14734.936900,0.159235,1.000000,0.991816,-7340.907975,14742.822518,0.270879,0.621723
CSCO,US Stock,Classic Tech,6599,SEARCH,HYGARCH,-6385.476462,12805.813820,0.844340,-6331.436478,12706.449076,0.042834,20.849012,-6375.769044,12795.114208,1.812576,0.528605,1.406288,-6329.568574,12711.428492,0.000835,0.762775,0.762561,-6329.176295,12719.359159,0.142348,0.999960
T,US Stock,Classic Telecom,6599,SEARCH,FIGARCH,-4691.044584,9416.950064,0.950344,-4656.156520,9355.889160,0.163445,4.032476,-4662.462359,9368.500839,-0.497255,0.021257,0.251373,-4654.329739,9360.950823,0.095332,0.989984,0.980334,-4654.329739,9369.666047,0.095330,1.000000
BAC,US Stock,Banks,6599,SEARCH,SEARCH,-6458.536471,12951.933838,0.917778,-6421.709867,12886.995854,0.280986,1.967562,-6430.790778,12905.157677,-0.499474,0.037807,0.250263,-6425.481838,12903.255020,0.098521,0.979012,0.961026,-6425.481840,12911.970248,0.098520,0.999998
GS,US Stock,Banks,6599,SEARCH,SEARCH,-6422.155424,12879.171743,0.922605,-6397.043650,12837.663419,0.284661,1.843842,-6401.861817,12847.299754,-0.499971,0.033790,0.250015,-6400.032261,12852.355866,0.091430,0.981439,0.965621,-6400.032272,12861.071112,0.091432,0.999988
C,US Stock,Banks,6599,SEARCH,SEARCH,-6716.877538,13468.615972,0.914282,-6680.702330,13404.980780,0.246502,2.480495,-6691.800330,13427.176780,-0.499815,0.035361,0.250093,-6682.028418,13416.348180,0.084225,0.964717,0.946972,-6682.028418,13425.063404,0.084224,1.000000
MS,US Stock,Banks,6599,SEARCH,SEARCH,-7191.133601,14417.128098,0.914077,-7171.839979,14387.256079,0.323983,1.516438,-7176.314092,14396.204305,-0.500000,0.037839,0.250000,-7173.670121,14399.631585,0.052117,0.956286,0.934401,-7173.670144,14408.346857,0.052121,0.999827
CVX,US Stock,Energy,6599,SEARCH,FIGARCH,-5161.342716,10357.546329,0.905660,-5155.943388,10355.462896,0.505186,0.639486,-5158.433716,10360.443551,-0.355053,0.057168,0.322473,-5154.565502,10361.422348,0.000327,0.897506,0.896966,-5154.566542,10370.139651,0.000685,0.428935
COP,US Stock,Energy,6599,SEARCH,FIGARCH,-6450.694643,12936.250183,0.930969,-6439.336764,12922.249648,0.384483,1.010914,-6439.510318,12922.596756,-0.499079,0.031632,0.250460,-6437.299273,12926.889891,0.038701,0.961951,0.945825,-6439.665619,12940.337807,0.196154,0.462037
SLB,US Stock,Energy,6599,SEARCH,FIGARCH,-7374.645486,14784.151868,0.949274,-7368.859126,14781.294372,0.470958,0.536054,-7369.750304,14783.076728,-0.392431,0.025811,0.303784,-7367.959822,14788.210988,0.000436,0.954091,0.953811,-7370.663784,14802.334135,0.147302,0.298858
WMT,US Stock,Consumer,6599,FIGARCH,HYGARCH,-4241.049319,8516.959534,0.929623,-4210.415954,8464.408029,0.160734,4.414373,-4220.766495,8485.109110,-0.499769,0.027189,0.250116,-4204.908842,8462.109029,0.164133,1.000000,0.983901,-4204.868342,8470.743253,0.193551,0.854223
MCD,US Stock,Consumer,6599,SEARCH,FIGARCH,-3988.335176,8011.531248,0.926931,-3965.214430,7974.004981,0.180566,3.827726,-3970.164998,7983.906116,-0.499586,0.034290,0.250207,-3963.309278,7978.909900,0.083543,0.970676,0.958939,-3963.309293,7987.625155,0.083559,0.999682
NKE,US Stock,Consumer,6599,SEARCH,SEARCH,-6255.085057,12545.031011,0.897718,-6194.667864,12432.911848,0.073066,10.727239,-6210.161603,12463.899326,-0.499993,0.016738,0.250004,-6194.760301,12441.811947,0.027891,0.988285,0.987570,-6194.784264,12450.575097,0.018061,0.584079
HD,US Stock,Consumer,6599,SEARCH,SEARCH,-5281.930921,10598.722739,0.918803,-5265.327249,10574.230619,0.358585,1.234063,-5268.655627,10580.887375,-0.499301,0.034741,0.250350,-5265.414014,10583.119371,0.007924,0.918316,0.912423,-5265.414006,10591.834580,0.007920,0.998888
COST,US Stock,Consumer,6599,SEARCH,SEARCH,-4934.347168,9903.555232,0.942960,-4898.285592,9840.147304,0.076257,10.523686,-4916.011884,9875.599888,-0.499990,0.022278,0.250005,-4899.454313,9851.199971,0.000084,1.000000,1.000000,-4899.453944,9859.914457,0.000064,0.924032
UNH,US Stock,Healthcare,6599,SEARCH,HYGARCH,-6208.798255,12452.457405,0.894146,-6171.851345,12387.278811,0.180260,3.384980,-6194.566393,12432.708906,-0.476155,0.013988,0.261923,-6170.934960,12394.161265,0.000358,0.855278,0.855114,-6170.919070,12402.844708,0.000244,0.995368
ABT,US Stock,Healthcare,6599,SEARCH,SEARCH,-4771.484442,9577.829781,0.944983,-4754.647139,9552.870399,0.331831,1.191836,-4757.314098,9558.204317,-0.499860,0.019802,0.250070,-4756.075372,9564.442089,0.000639,0.943377,0.943174,-4756.074542,9573.155653,0.000737,1.000000
MRK,US Stock,Healthcare,6599,SEARCH,FIGARCH,-5584.391670,11203.644236,0.907258,-5562.944374,11169.464869,0.029204,33.271702,-5571.352881,11186.281883,-0.491958,0.030174,0.254021,-5562.309692,11176.910728,0.006759,0.892104,0.891256,-5562.309945,11185.626458,0.007825,0.982766
CAT,US Stock,Industrials,6599,SEARCH,SEARCH,-6671.431834,13377.724565,0.948647,-6664.361875,13372.299870,0.415889,0.687660,-6667.452737,13378.481594,-0.416452,0.023737,0.291774,-6666.721837,13385.735018,0.000247,0.951993,0.951846,-6666.727919,13394.462406,0.000337,1.000000
BA,US Stock,Industrials,6599,SEARCH,SEARCH,-6606.021327,13246.903550,0.928737,-6577.550388,13198.676896,0.216315,2.690308,-6587.891051,13219.358223,-0.500000,0.029855,0.250000,-6577.778465,13207.848275,0.000474,0.911903,0.911764,-6577.772830,13216.552227,0.000403,1.000000
MMM,US Stock,Industrials,6599,SEARCH,SEARCH,-5065.855107,10166.571110,0.929785,-5007.760839,10059.097799,0.026095,30.008046,-5051.199219,10145.974558,-0.496026,0.031958,0.251987,-5011.422331,10075.136006,0.000706,0.997421,0.997413,-5011.410155,10083.826878,0.000560,1.000000
HON,US Stock,Industrials,6599,SEARCH,HYGARCH,-5123.036295,10280.933487,0.920888,-5089.310391,10222.196902,0.213913,2.807376,-5101.657621,10246.891362,-0.499808,0.031951,0.250096,-5089.147995,10230.587335,0.000874,0.883267,0.882922,-5089.147528,10239.301625,0.000747,1.000000
TSLA,US Stock,High Vol,3962,GMARCH,GMARCH,-5934.628154,11901.850091,0.954411,-5930.557917,11901.858062,0.435379,0.620081,-5930.432540,11901.607307,-0.449519,0.020517,0.275241,-5931.138672,11911.168017,0.011503,0.968487,0.962850,-5931.136494,11919.312109,0.006435,1.000000
AMD,US Stock,High Vol,6599,SEARCH,SEARCH,-10730.715620,21496.292137,0.945429,-10705.059653,21453.695427,0.150685,4.572332,-10711.275758,21466.127637,-0.497332,0.023492,0.251334,-10706.524987,21465.341319,0.056656,0.981402,0.978202,-10706.525032,21474.056632,0.056662,0.999850
MU,US Stock,High Vol,6599,SEARCH,HYGARCH,-9753.496765,19541.854425,0.951437,-9748.410076,19540.396272,0.430800,0.640097,-9749.261736,19542.099592,-0.435134,0.022148,0.282433,-9747.130010,19546.551365,0.000344,0.955928,0.955758,-9747.129817,19555.266202,0.000621,0.665456
F,US Stock,High Vol,6599,SEARCH,HYGARCH,-7817.237461,15669.335819,0.919549,-7769.204409,15581.984939,0.047723,19.908831,-7792.734331,15629.044783,-0.497152,0.037509,0.251424,-7769.521250,15591.333845,0.076726,0.967450,0.965589,-7768.982708,15598.971984,0.099198,1.000000
CL,US Stock,Low Vol,6599,SEARCH,FIGARCH,-3831.811357,7698.483610,0.830752,-3803.993356,7651.562833,0.081283,10.994576,-3820.446090,7684.468300,-0.498371,0.077366,0.250814,-3803.610278,7659.511901,0.105907,0.978559,0.973300,-3803.610291,7668.227150,0.105928,0.999777
SO,US Stock,Low Vol,6599,SEARCH,SEARCH,-3185.451843,6405.764581,0.895561,-3164.588738,6372.753596,0.286213,2.066879,-3170.931227,6385.438574,-0.499998,0.051758,0.250001,-3167.518387,6387.328119,0.097823,0.967677,0.941980,-3167.518387,6396.043343,0.097823,1.000000
DUK,US Stock,Low Vol,6599,SEARCH,SEARCH,-3851.139849,7737.140593,0.927077,-3825.669490,7694.915100,0.285775,1.782360,-3832.513035,7708.602190,-0.499999,0.032834,0.250000,-3828.266698,7708.824740,0.007610,0.921982,0.918775,-3828.266696,7717.539961,0.007617,0.999925
PEP,US Stock,Low Vol,6599,SEARCH,HYGARCH,-3133.748497,6302.357890,0.902022,-3097.673185,6238.922491,0.134165,6.105939,-3116.472449,6276.521019,-0.494432,0.048735,0.252784,-3096.692922,6245.677188,0.042994,0.889346,0.876661,-3096.626056,6254.258680,0.067152,0.061689
VNQ,US Stock,REITs,5409,SEARCH,SEARCH,-3416.507186,6867.006413,0.896254,-3400.846984,6844.184019,0.380800,1.229395,-3403.571639,6849.633330,-0.499997,0.049900,0.250001,-3402.849683,6856.687429,0.090498,0.975885,0.939449,-3402.849690,6865.185452,0.090487,0.999980
SPG,US Stock,REITs,6599,SEARCH,SEARCH,-5719.709515,11474.279926,0.903627,-5688.626595,11420.829311,0.255055,2.396638,-5701.670716,11446.917553,-0.481418,0.050779,0.259291,-5690.350212,11432.991767,0.080590,0.958896,0.938633,-5690.350218,11441.707004,0.080592,0.999973
ORCL,US Stock,Other,6599,SEARCH,HYGARCH,-6773.044792,13580.950480,0.883853,-6747.368546,13538.313212,0.113572,6.524998,-6767.110186,13577.796492,-0.491659,0.027771,0.254171,-6749.186670,13550.664684,0.001688,0.996079,0.996078,-6744.706356,13550.419279,0.001015,0.984358
TXN,US Stock,Other,6599,SEARCH,SEARCH,-6781.296257,13597.453409,0.958888,-6764.598095,13572.772310,0.318835,1.130926,-6769.222858,13582.021837,-0.498519,0.014915,0.250740,-6771.265517,13594.822377,0.000572,0.961954,0.961787,-6771.264066,13603.534700,0.000477,0.999997
V,US Stock,Other,4536,SEARCH,HYGARCH,-3357.492780,6748.193630,0.863359,-3339.091280,6719.692650,0.190162,4.117671,-3346.224008,6733.958105,-0.499845,0.069895,0.250077,-3337.851089,6725.514286,0.034199,0.842312,0.822367,-3337.795353,6733.704832,0.057395,0.040010
MA,US Stock,Other,4992,FIGARCH,FIGARCH,-4294.541709,8622.720068,0.866012,-4278.025180,8598.096171,0.185192,4.201173,-4288.875948,8619.797707,-0.499988,0.065489,0.250006,-4270.680019,8591.815013,0.000392,0.811397,0.810936,-4270.681155,8600.226448,0.000459,0.852859
BRK-B,US Stock,Other,6599,SEARCH,SEARCH,-3469.166291,6973.193477,0.851084,-3451.403237,6946.382595,0.328822,1.828703,-3457.401651,6958.379423,-0.499944,0.076319,0.250028,-3456.884383,6966.060110,0.111674,0.963389,0.917653,-3456.884390,6974.775348,0.111673,0.999977
DIS,US Stock,Other,6599,SEARCH,HYGARCH,-5799.865904,11634.592705,0.914659,-5776.516533,11596.609186,0.151736,4.397591,-5790.670104,11624.916328,-0.499848,0.035958,0.250076,-5774.001109,11600.293561,0.000490,0.895804,0.895650,-5773.994716,11608.996000,0.000513,0.974053
NFLX,US Stock,Other,6001,GMARCH,HYGARCH,-8968.993861,17972.435552,0.982850,-8967.273516,17977.606821,0.414498,0.452170,-8964.160508,17971.380804,-0.362731,0.010124,0.318635,-8961.792249,17975.256245,0.040584,0.999991,0.986571,-8961.784379,17983.852461,0.078371,0.526057
