Ticker,Class,T,R,P,Best_QLIKE,GARCH_QLIKE,GARCH_MSE,SEARCH_QLIKE,SEARCH_MSE,GMARCH_QLIKE,GMARCH_MSE,FIGARCH_QLIKE,FIGARCH_MSE,HYGARCH_QLIKE,HYGARCH_MSE,DM_SEARCH_stat,DM_SEARCH_pval,DM_GMARCH_stat,DM_GMARCH_pval,DM_FIGARCH_stat,DM_FIGARCH_pval,DM_HYGARCH_stat,DM_HYGARCH_pval,DM_SvF_stat,DM_SvF_pval,GARCH_beta,SEARCH_alpha,GMARCH_delta,FIGARCH_d,SEARCH_pct_gain,GMARCH_pct_gain,FIGARCH_pct_gain,HYGARCH_pct_gain
SPY,US Index,6599,4619,1980,FIGARCH,1.523339,25.650507,1.503980,25.497874,1.521916,25.626753,1.494171,25.170204,1.494181,25.170987,0.809889,0.418004,1.052985,0.292348,1.351097,0.176664,1.349100,0.177305,-1.679621,0.093031,0.881379,0.348318,-0.053153,0.000248,1.270850,0.093442,1.914765,1.914107
QQQ,US Index,6599,4619,1980,HYGARCH,1.499290,38.378433,1.492939,37.938118,1.501522,38.367103,1.482762,37.579739,1.482687,37.580500,0.438887,0.660744,-0.182912,0.854867,1.320424,0.186694,1.334510,0.182037,-2.446094,0.014441,0.902708,0.302556,-0.499525,0.000270,0.423612,-0.148895,1.102386,1.107406
IWM,US Index,6498,4548,1950,HYGARCH,1.394536,49.812307,1.389599,49.108105,1.393508,49.525634,1.386605,49.192720,1.386590,49.184810,0.775455,0.438071,0.182208,0.855419,1.355191,0.175357,1.374464,0.169298,-0.831224,0.405847,0.908228,0.382022,-0.499949,0.000231,0.353959,0.073720,0.568713,0.569764
DIA,US Index,6599,4619,1980,SEARCH,1.545041,33.441940,1.524943,33.121488,1.547594,33.509325,1.525028,32.881395,1.525119,32.885666,1.106062,0.268700,-1.437267,0.150642,1.274511,0.202482,1.272103,0.203337,0.015057,0.987987,0.877344,0.449093,0.081755,0.000122,1.300779,-0.165266,1.295309,1.289440
MDY,US Index,6599,4619,1980,FIGARCH,1.415517,50.885450,1.411160,50.236097,1.415092,51.100239,1.405973,49.712455,1.405986,49.721836,0.508638,0.611006,0.056647,0.954826,1.222129,0.221659,1.226186,0.220129,-1.317616,0.187632,0.901394,0.341217,-0.498366,0.000267,0.307792,0.030077,0.674295,0.673357
XLK,Sector ETF,6599,4619,1980,HYGARCH,1.480698,65.070506,1.465717,64.534560,1.475561,65.053920,1.457658,63.859905,1.457588,63.858242,0.967440,0.333324,0.414738,0.678334,1.683874,0.092206,1.687186,0.091568,-1.975754,0.048183,0.908706,0.303653,-0.497451,0.000396,1.011745,0.346928,1.556001,1.560751
XLF,Sector ETF,6599,4619,1980,FIGARCH,1.408615,61.269760,1.398325,59.323326,1.404805,60.373846,1.392784,58.610173,1.392851,58.626012,1.646425,0.099676,0.849787,0.395444,2.801702,0.005083,2.804404,0.005041,-1.535606,0.124635,0.895869,0.300388,-0.497029,0.000329,0.730521,0.270453,1.123866,1.119109
XLE,Sector ETF,6599,4619,1980,FIGARCH,1.501944,246.746737,1.500107,244.445488,1.500201,246.132810,1.497213,245.420153,1.497347,245.458603,0.485909,0.627032,0.435813,0.662972,1.729782,0.083669,1.694616,0.090148,-1.109930,0.267029,0.921107,0.518189,-0.400566,0.000338,0.122337,0.116026,0.314982,0.306099
XLV,Sector ETF,6599,4619,1980,HYGARCH,1.459095,12.302310,1.455199,12.365027,1.457778,12.328783,1.453067,12.251627,1.452133,12.205932,0.458865,0.646331,0.341482,0.732741,0.841183,0.400245,0.979005,0.327578,-0.580633,0.561488,0.886768,0.456737,-0.300082,0.000505,0.266974,0.090221,0.413123,0.477111
XLP,Sector ETF,6599,4619,1980,HYGARCH,1.457464,11.155144,1.454076,10.816517,1.456136,10.868352,1.452630,10.833374,1.452468,10.828021,0.480748,0.630695,0.204751,0.837767,0.817811,0.413465,0.845477,0.397845,-0.489843,0.624245,0.896881,0.461036,-0.499990,0.000393,0.232462,0.091071,0.331658,0.342770
XLU,Sector ETF,6599,4619,1980,SEARCH,1.480749,32.123885,1.476580,30.675133,1.477588,31.922361,1.478186,31.199583,1.478186,31.199629,1.035185,0.300583,1.143828,0.252695,0.619699,0.535456,0.619655,0.535485,0.697502,0.485489,0.900224,0.346323,-0.499902,0.124419,0.281534,0.213508,0.173102,0.173090
XLI,Sector ETF,6599,4619,1980,FIGARCH,1.400376,35.805573,1.393945,35.344244,1.394065,35.791649,1.391640,35.022832,1.391739,35.030895,0.909837,0.362908,0.904552,0.365703,1.581524,0.113758,1.553533,0.120296,-0.652374,0.514160,0.921362,0.403239,-0.499700,0.000236,0.459263,0.450699,0.623868,0.616776
XLY,Sector ETF,6599,4619,1980,HYGARCH,1.411786,42.562393,1.405102,42.220913,1.408072,42.501466,1.400253,42.310754,1.400103,42.305239,0.657117,0.511106,0.432766,0.665185,1.256195,0.209045,1.281858,0.199892,-1.138123,0.255069,0.904590,0.342802,-0.499936,0.000238,0.473473,0.263087,0.816906,0.827513
XLB,Sector ETF,6599,4619,1980,HYGARCH,1.336967,31.796096,1.324376,31.482453,1.326914,31.802069,1.322103,31.037645,1.322042,31.027045,1.449408,0.147224,1.356222,0.175028,2.277437,0.022760,2.276121,0.022839,-0.624062,0.532587,0.913994,0.322949,-0.491708,0.000489,0.941709,0.751893,1.111745,1.116310
EWJ,International,6599,4619,1980,HYGARCH,1.483126,13.959626,1.478184,13.764566,1.479037,13.827540,1.478116,13.819883,1.477920,13.814769,1.188610,0.234593,1.454497,0.145808,1.288260,0.197655,1.378563,0.168029,-0.051387,0.959017,0.897560,0.321018,-0.499847,0.067128,0.333205,0.275718,0.337826,0.351014
EWG,International,6599,4619,1980,SEARCH,1.455182,47.643290,1.449535,46.761311,1.453259,47.359684,1.450772,46.930180,1.450845,46.922858,1.652207,0.098492,1.456285,0.145314,1.409957,0.158552,1.390889,0.164259,0.529182,0.596679,0.912227,0.472609,-0.200553,0.000349,0.388099,0.132130,0.303042,0.298017
EWU,International,6599,4619,1980,HYGARCH,1.398709,34.787125,1.395562,34.361946,1.397006,34.740536,1.391999,34.186539,1.391958,34.216128,0.847472,0.396732,0.708080,0.478895,2.132817,0.032940,2.467556,0.013604,-1.193535,0.232660,0.899625,0.531743,-0.247055,0.000281,0.225030,0.121800,0.479756,0.482708
EWC,International,6599,4619,1980,HYGARCH,1.381155,58.903990,1.374468,56.189503,1.376694,57.051178,1.370444,56.323513,1.370297,56.360030,0.928446,0.353176,0.875255,0.381435,1.645892,0.099786,1.697112,0.089676,-1.414886,0.157102,0.933216,0.342084,-0.474738,0.000832,0.484188,0.323039,0.775526,0.786215
EWA,International,6599,4619,1980,FIGARCH,1.435361,111.026401,1.431954,104.854066,1.431062,106.762946,1.429288,104.078736,1.430229,104.864154,0.398371,0.690356,0.763463,0.445188,0.731617,0.464402,0.565572,0.571685,-0.931701,0.351491,0.921231,0.276182,-0.499067,0.003223,0.237395,0.299544,0.423125,0.357541
EWZ,International,6465,4525,1940,SEARCH,1.424989,387.460374,1.424889,369.101003,1.425289,375.518061,1.426192,374.848656,1.426192,374.848810,0.018124,0.985540,-0.088540,0.929448,-0.231072,0.817259,-0.231040,0.817284,0.920268,0.357433,0.889870,0.281383,-0.499244,0.057548,0.007057,-0.021063,-0.084421,-0.084405
EWY,International,6508,4555,1953,FIGARCH,1.405011,85.563458,1.407212,84.308293,1.407875,84.999185,1.399357,83.869465,1.405011,85.563457,-0.421741,0.673214,-0.649947,0.515726,1.605870,0.108302,-1.955673,0.050504,-2.099633,0.035761,0.927302,0.448176,-0.398037,0.000701,-0.156703,-0.203867,0.402398,-0.000009
FXI,International,5402,3781,1621,SEARCH,1.546227,147.465772,1.537108,146.258827,1.540200,146.714089,1.539333,146.664655,1.539296,146.659681,2.042139,0.041138,1.817658,0.069116,2.590839,0.009574,2.599671,0.009331,0.889410,0.373783,0.923406,0.556623,-0.272176,0.000268,0.589766,0.389801,0.445840,0.448227
EWH,International,6599,4619,1980,FIGARCH,1.468910,19.047668,1.463651,18.438812,1.465968,18.560113,1.462319,18.479150,1.462360,18.484380,0.967584,0.333252,0.708351,0.478727,1.302140,0.192869,1.304348,0.192115,-0.716182,0.473879,0.923451,0.343331,-0.499812,0.000299,0.358037,0.200332,0.448723,0.445949
EWT,International,6479,4535,1944,FIGARCH,1.497131,29.045041,1.486628,28.030190,1.488545,28.229232,1.481494,28.034241,1.481629,28.049118,1.661642,0.096585,1.581020,0.113873,2.504891,0.012249,2.538708,0.011126,-1.908820,0.056285,0.932619,0.354357,-0.499253,0.000389,0.701579,0.573527,1.044459,1.035441
FXE,Currency,5105,3573,1532,FIGARCH,1.428880,0.175729,1.431981,0.177312,1.442814,0.177761,1.428878,0.175729,1.428880,0.175729,-0.585656,0.558107,-1.867577,0.061821,2.200282,0.027787,1.042329,0.297259,-0.586120,0.557795,0.968994,3.883859,0.804444,0.000000,-0.217039,-0.975142,0.000172,0.000001
FXY,Currency,4812,3368,1444,SEARCH,1.547263,0.796174,1.541291,0.795323,1.541614,0.793923,1.544109,0.798189,1.544128,0.798192,0.875723,0.381181,1.208269,0.226944,0.475064,0.634741,0.469029,0.639049,1.610837,0.107215,0.919616,0.242553,-0.498470,0.000560,0.385989,0.365067,0.203866,0.202599
FXB,Currency,4971,3479,1492,SEARCH,1.374659,0.356688,1.372508,0.355849,1.373583,0.356239,1.374357,0.356373,1.374660,0.356688,1.324206,0.185435,1.100131,0.271275,1.042185,0.297326,-1.012967,0.311076,1.247982,0.212038,0.914964,0.622060,-0.172568,0.005206,0.156535,0.078296,0.021996,-0.000021
FXA,Currency,4971,3479,1492,GARCH,1.334405,0.810476,1.337316,0.808564,1.336548,0.809081,1.335149,0.809542,1.335127,0.809580,-1.362806,0.172944,-1.185123,0.235969,-0.478995,0.631942,-0.449714,0.652916,-1.820777,0.068641,0.946117,0.592980,-0.237681,0.000176,-0.218126,-0.160609,-0.055748,-0.054079
FXC,Currency,4971,3479,1492,HYGARCH,1.499186,0.090103,1.498964,0.090028,1.499047,0.090085,1.498761,0.090017,1.498560,0.090002,0.228900,0.818947,0.669721,0.503035,0.367140,0.713514,0.529778,0.596266,-0.375882,0.707005,0.947166,0.741118,-0.044309,0.000167,0.014826,0.009263,0.028349,0.041789
FXF,Currency,4971,3479,1492,SEARCH,1.496031,0.413581,1.476907,0.408040,1.482184,0.406625,1.477187,0.407859,1.484697,0.409851,4.819596,0.000001,1.063320,0.287637,3.621756,0.000293,1.729480,0.083723,0.059683,0.952408,0.949918,1.093659,0.015974,0.030084,1.278341,0.925585,1.259606,0.757620
GLD,Commodity,5373,3761,1612,SEARCH,1.575875,15.250299,1.566823,15.117664,1.570461,15.126966,1.573056,15.168843,1.573058,15.168786,3.030512,0.002441,1.870036,0.061479,1.334575,0.182016,1.331580,0.182998,2.772431,0.005564,0.947067,0.551861,-0.339656,0.001074,0.574445,0.343562,0.178908,0.178748
SLV,Commodity,5011,3507,1504,GARCH,1.581222,995.457876,1.588940,998.053731,1.587870,997.677569,1.593248,1003.840432,1.593248,1003.840405,-0.683599,0.494228,-0.666452,0.505123,-0.898932,0.368689,-0.898931,0.368689,1.384211,0.166294,0.926607,0.350087,-0.499287,0.097367,-0.488101,-0.420453,-0.760517,-0.760519
USO,Commodity,5024,3516,1508,SEARCH,1.550011,677.960154,1.534423,666.696928,1.539223,668.429223,1.536071,663.773043,1.545332,667.339138,1.027561,0.304156,0.788600,0.430346,1.078065,0.281005,0.408868,0.682637,0.318155,0.750367,0.935177,0.449297,-0.470600,0.031905,1.005658,0.695995,0.899310,0.301819
UNG,Commodity,4768,3337,1431,GMARCH,1.304607,1130.781402,1.304669,1134.490735,1.302457,1134.615125,1.304606,1130.781241,1.304607,1130.781244,-0.020184,0.983896,0.695415,0.486795,2.424147,0.015344,2.781056,0.005418,-0.020265,0.983832,0.908784,2.180007,0.602255,0.000000,-0.004779,0.164747,0.000019,0.000011
DBA,Commodity,4838,3386,1452,GARCH,1.340390,2.023698,1.340594,2.022622,1.340501,2.024162,1.341023,2.025797,1.341482,2.026234,-0.153239,0.878209,-0.145304,0.884471,-0.282599,0.777485,-0.472193,0.636789,0.327354,0.743401,0.931693,0.699144,-0.141477,0.000384,-0.015267,-0.008309,-0.047286,-0.081470
DBB,Commodity,4838,3386,1452,SEARCH,1.401658,10.959560,1.387077,10.896815,1.388123,10.900421,1.390738,10.916056,1.390743,10.916249,2.569989,0.010170,2.441918,0.014609,2.118348,0.034146,2.103603,0.035413,1.948683,0.051333,0.968914,0.310383,-0.494956,0.000664,1.040313,0.965625,0.779101,0.778703
DBC,Commodity,5068,3547,1521,SEARCH,1.405431,12.277149,1.399024,12.135077,1.399281,12.170427,1.405512,12.242933,1.405512,12.242933,0.952228,0.340982,1.012327,0.311382,-0.011424,0.990885,-0.011399,0.990905,1.828459,0.067481,0.947586,0.355669,-0.489630,0.014977,0.455843,0.437547,-0.005772,-0.005760
TLT,Fixed Income,5955,4168,1787,HYGARCH,1.227199,6.545468,1.218602,6.233939,1.219462,6.247205,1.218070,6.261516,1.218010,6.260732,1.358974,0.174155,1.274155,0.202608,1.554597,0.120042,1.560992,0.118526,-0.422215,0.672868,0.958347,0.432088,-0.430870,0.000633,0.700462,0.630451,0.743879,0.748766
IEF,Fixed Income,5955,4168,1787,SEARCH,1.298649,0.192994,1.295137,0.190155,1.296117,0.190236,1.295737,0.190719,1.295739,0.190721,0.901743,0.367194,0.752997,0.451452,1.069700,0.284754,1.071005,0.284167,0.397631,0.690902,0.961487,0.569023,-0.305464,0.000398,0.270464,0.195013,0.224219,0.224102
SHY,Fixed Income,5955,4168,1787,GMARCH,1.500560,0.001300,1.485214,0.001264,1.485023,0.001251,1.490626,0.001244,1.490847,0.001245,1.326002,0.184839,1.160885,0.245689,0.696890,0.485872,0.685206,0.493214,0.921403,0.356840,0.965312,0.504660,-0.498925,0.080085,1.022712,1.035407,0.662015,0.647309
HYG,Fixed Income,4773,3341,1432,GMARCH,1.354485,0.331603,1.364900,0.335825,1.353163,0.326364,1.365375,0.347947,1.359330,0.341621,-0.855868,0.392071,0.309720,0.756774,-0.940929,0.346741,-0.460302,0.645299,0.066076,0.947317,0.863331,0.192423,-0.499928,0.274349,-0.768878,0.097650,-0.803991,-0.357683
LQD,Fixed Income,5955,4168,1787,GARCH,1.339501,2.641072,1.365092,2.484681,1.340456,2.595193,1.367447,2.520042,1.367205,2.544109,-2.257913,0.023951,-0.211639,0.832389,-2.368818,0.017845,-2.372721,0.017658,0.773921,0.438977,0.896599,0.047863,-0.499935,0.204388,-1.910463,-0.071269,-2.086298,-2.068245
BTC-USD,Crypto,4214,2949,1265,FIGARCH,1.911183,258.487293,1.918652,264.620267,1.917676,264.522738,1.891505,253.881637,1.911183,258.487449,-3.202832,0.001361,-3.410135,0.000649,5.956574,0.000000,-2.015736,0.043828,-5.536878,0.000000,0.828059,1.866393,0.490335,0.000178,-0.390836,-0.339723,1.029608,-0.000013
ETH-USD,Crypto,3065,2145,920,SEARCH,1.938475,945.039084,1.927255,931.907388,1.939820,959.668541,1.937429,934.205538,1.939475,935.175643,0.787573,0.430947,-0.166411,0.867834,0.059736,0.952366,-0.054400,0.956616,0.842520,0.399497,0.848034,0.320472,1.638609,0.000318,0.578816,-0.069394,0.053954,-0.051547
LTC-USD,Crypto,4214,2949,1265,HYGARCH,1.909544,1778.533962,1.909495,1778.466571,1.909260,1778.104813,1.908857,1777.592519,1.908381,1776.686281,0.641326,0.521311,1.275559,0.202112,1.256653,0.208879,1.239840,0.215035,-1.296081,0.194947,0.886471,0.980513,-0.047324,0.021648,0.002563,0.014839,0.035963,0.060902
XRP-USD,Crypto,3065,2145,920,SEARCH,1.972497,2877.307187,1.952571,2709.247493,1.968412,2849.088709,1.952816,2727.929769,1.952817,2727.932133,4.419907,0.000010,3.952692,0.000077,5.583873,0.000000,5.584145,0.000000,0.122892,0.902193,0.514202,0.000013,-0.496602,0.317214,1.010221,0.207107,0.997780,0.997708
^VIX,Volatility,6599,4619,1980,SEARCH,1.665409,28910.701769,1.636522,28796.910899,1.662812,28856.333632,1.637304,28779.945816,1.637303,28779.943355,2.282932,0.022434,0.922940,0.356038,2.753219,0.005901,2.753281,0.005900,0.270461,0.786805,0.771984,0.000043,-0.499103,0.068217,1.734507,0.155901,1.687564,1.687605
AAPL,US Stock,6599,4619,1980,HYGARCH,1.586132,103.808915,1.585668,101.212395,1.581916,102.015832,1.581841,100.632395,1.581249,100.530355,0.064307,0.948726,1.014917,0.310145,0.594715,0.552034,0.670839,0.502323,-1.989717,0.046622,0.931669,0.170263,-0.494635,0.001346,0.029247,0.265793,0.270552,0.307839
MSFT,US Stock,6599,4619,1980,SEARCH,1.603846,90.649931,1.586785,85.946118,1.594205,88.203788,1.594849,85.853191,1.594849,85.853186,1.870355,0.061435,1.779523,0.075154,0.986961,0.323662,0.986971,0.323657,2.469162,0.013543,0.958498,0.288236,-0.491529,0.123374,1.063731,0.601142,0.560965,0.560971
GOOG,US Stock,5437,3805,1632,SEARCH,1.639919,86.702561,1.627167,85.116653,1.630439,85.727269,1.630378,85.514916,1.630611,85.561663,1.210960,0.225911,1.439411,0.150034,0.956158,0.338992,0.930676,0.352021,0.969866,0.332113,0.964083,0.250606,-0.498860,0.124827,0.777628,0.578094,0.581799,0.567609
AMZN,US Stock,6599,4619,1980,SEARCH,1.702255,137.439247,1.609768,132.166443,1.656527,135.016644,1.612924,132.583431,1.619340,135.227168,3.366459,0.000761,2.533064,0.011307,3.344697,0.000824,2.914806,0.003559,0.981897,0.326151,0.996125,0.000006,-0.497675,0.000025,5.433198,2.686327,5.247795,4.870915
NVDA,US Stock,6599,4619,1980,SEARCH,1.531985,716.522046,1.489590,698.075851,1.510724,702.238219,1.494856,700.560273,1.498575,702.852743,2.856826,0.004279,3.310929,0.000930,2.510531,0.012055,2.248681,0.024533,2.924352,0.003452,0.973701,0.000204,-0.493879,0.156708,2.767316,1.387845,2.423615,2.180828
META,US Stock,3485,2439,1046,FIGARCH,2.198542,2129.049625,2.197306,2129.352691,2.196572,2128.853688,2.083434,2053.048518,2.098460,2080.460524,0.778736,0.436135,1.168155,0.242744,2.431943,0.015018,2.347841,0.018883,-2.403293,0.016248,0.616578,1.146070,0.200204,0.100855,0.056218,0.089617,5.235672,4.552222
JPM,US Stock,6599,4619,1980,SEARCH,1.577535,135.628710,1.564909,133.287536,1.568585,134.417167,1.568075,132.588706,1.568164,132.581322,1.928724,0.053765,1.833781,0.066687,1.646158,0.099731,1.612008,0.106960,0.780114,0.435324,0.904323,0.316596,-0.499919,0.000575,0.800384,0.567357,0.599700,0.594023
JNJ,US Stock,6599,4619,1980,HYGARCH,1.777644,21.267661,1.776079,21.265047,1.775535,21.261272,1.769490,21.172073,1.769479,21.172797,0.212929,0.831382,0.489639,0.624389,1.233394,0.217429,1.239349,0.215216,-1.987345,0.046884,0.878531,0.501026,-0.362477,0.000292,0.088033,0.118663,0.458739,0.459325
XOM,US Stock,6599,4619,1980,SEARCH,1.397905,81.070082,1.392634,81.040434,1.392821,81.337745,1.393552,81.023828,1.393491,81.025956,2.256783,0.024022,2.025789,0.042786,3.570101,0.000357,3.602778,0.000315,0.482484,0.629462,0.902966,0.581712,-0.341162,0.000288,0.377076,0.363732,0.311431,0.315786
PG,US Stock,6599,4619,1980,GARCH,1.616391,24.423711,1.620816,23.174701,1.616573,23.715757,1.623433,23.265531,1.623437,23.265573,-0.610268,0.541685,-0.045247,0.963911,-0.858899,0.390396,-0.859229,0.390214,1.046589,0.295289,0.910883,0.165530,-0.499991,0.113792,-0.273701,-0.011246,-0.435653,-0.435855
KO,US Stock,6599,4619,1980,GMARCH,1.587719,20.368931,1.587539,20.531557,1.583339,20.502307,1.588668,21.023905,1.588668,21.023907,0.020885,0.983337,0.694581,0.487318,-0.091133,0.927387,-0.091127,0.927392,0.171785,0.863607,0.910205,0.212099,-0.499995,0.139105,0.011360,0.275835,-0.059798,-0.059795
PFE,US Stock,6599,4619,1980,SEARCH,1.587617,35.422147,1.565971,34.625598,1.571170,34.759639,1.568014,34.702775,1.568014,34.702775,2.834961,0.004583,2.728901,0.006355,2.962284,0.003054,2.962284,0.003054,0.959980,0.337065,0.927057,0.390227,-0.499929,0.052581,1.363429,1.035930,1.234753,1.234753
IBM,US Stock,6599,4619,1980,FIGARCH,1.900639,105.431902,1.876688,106.246618,1.889757,105.377508,1.875063,106.203242,1.875092,106.205595,0.996116,0.319194,1.238771,0.215430,1.199185,0.230456,1.192650,0.233006,-0.308038,0.758053,0.825667,0.090362,-0.499892,0.000466,1.260151,0.572537,1.345653,1.344125
GE,US Stock,6599,4619,1980,FIGARCH,1.675068,220.886455,1.648433,216.324921,1.648751,218.079190,1.643674,218.274875,1.643683,218.268652,3.285913,0.001017,3.869424,0.000109,3.150911,0.001628,3.152682,0.001618,-1.106584,0.268474,0.931481,0.223774,-0.499660,0.146600,1.590062,1.571089,1.874194,1.873673
INTC,US Stock,6599,4619,1980,GMARCH,1.856888,1012.813774,1.824831,1005.980899,1.822653,1003.971427,1.823122,1003.623056,1.823870,1002.304570,2.450430,0.014269,2.565828,0.010293,2.761860,0.005747,2.532494,0.011325,-0.348994,0.727094,0.943462,0.559021,-0.385557,0.018253,1.726397,1.843645,1.818403,1.778101
CSCO,US Stock,6599,4619,1980,SEARCH,1.789085,113.858153,1.754381,109.999057,1.764146,111.111972,1.754508,110.051814,1.754508,110.051818,2.661691,0.007775,2.984041,0.002845,2.454835,0.014095,2.454838,0.014095,0.031483,0.974884,0.972959,0.165741,-0.497934,0.105848,1.939719,1.393959,1.932657,1.932656
T,US Stock,6599,4619,1980,HYGARCH,1.775677,52.092023,1.753406,50.931210,1.750624,50.987259,1.750376,51.157065,1.750376,51.157055,2.858275,0.004260,3.156852,0.001595,3.280620,0.001036,3.280609,0.001036,-0.843039,0.399206,0.948832,0.498519,-0.430853,0.047567,1.254211,1.410862,1.424862,1.424866
BAC,US Stock,6599,4619,1980,SEARCH,1.566022,176.736067,1.553376,169.391577,1.559645,173.124233,1.559082,171.161791,1.559082,171.161837,1.878426,0.060323,1.442915,0.149044,1.023329,0.306152,1.023347,0.306144,1.839094,0.065901,0.930917,0.310332,-0.499997,0.119388,0.807524,0.407242,0.443197,0.443200
GS,US Stock,6599,4619,1980,SEARCH,1.572405,142.969948,1.560816,135.250623,1.564679,137.875500,1.563806,137.285305,1.563806,137.285439,1.940626,0.052304,1.697366,0.089627,1.343038,0.179260,1.343036,0.179260,0.795906,0.426087,0.940620,0.363335,-0.496367,0.104932,0.737005,0.491324,0.546862,0.546835
C,US Stock,6599,4619,1980,SEARCH,1.472787,304.194422,1.461368,289.132107,1.469701,295.366530,1.464161,292.087662,1.464161,292.087653,1.526674,0.126842,0.603124,0.546426,1.013277,0.310928,1.013280,0.310926,0.868366,0.385194,0.912884,0.272475,-0.493924,0.133578,0.775345,0.209522,0.585689,0.585690
MS,US Stock,6599,4619,1980,SEARCH,1.554514,205.423228,1.550295,196.736471,1.551005,198.656131,1.552074,197.405865,1.552073,197.405870,0.808322,0.418905,0.921363,0.356861,0.430992,0.666474,0.431094,0.666400,0.748217,0.454329,0.916117,0.347521,-0.498509,0.098688,0.271387,0.225741,0.156953,0.156985
CVX,US Stock,6599,4619,1980,HYGARCH,1.606905,366.197046,1.604523,367.540989,1.604859,369.058351,1.602187,366.591478,1.602174,366.599487,0.551066,0.581588,0.607754,0.543351,2.187823,0.028682,2.203005,0.027594,-0.637937,0.523514,0.901570,0.627559,-0.241000,0.000201,0.148237,0.127336,0.293665,0.294441
COP,US Stock,6599,4619,1980,HYGARCH,1.478662,621.095902,1.474675,621.585167,1.474019,626.267993,1.472444,629.275686,1.472444,629.275923,0.882358,0.377584,1.173224,0.240706,1.422590,0.154855,1.422612,0.154849,-0.970394,0.331850,0.922292,0.397880,-0.493431,0.067245,0.269638,0.313942,0.420487,0.420506
SLB,US Stock,6599,4619,1980,FIGARCH,1.529588,830.450434,1.525738,824.370684,1.525920,826.493552,1.525138,827.823621,1.525177,827.840225,1.121372,0.262130,0.993470,0.320481,1.349358,0.177222,1.350978,0.176702,-0.701751,0.482834,0.951168,0.700456,-0.203014,0.000391,0.251737,0.239821,0.290958,0.288391
WMT,US Stock,6599,4619,1980,SEARCH,1.783594,51.379695,1.757713,49.525119,1.768213,50.234045,1.761759,49.293179,1.767943,49.190318,1.765508,0.077478,1.670531,0.094814,1.465917,0.142671,0.994338,0.320058,0.938834,0.347816,0.951631,0.243500,-0.498478,0.127505,1.451092,0.862397,1.224239,0.877521
MCD,US Stock,6599,4619,1980,GMARCH,1.572621,94.691988,1.577358,92.060903,1.569668,93.166134,1.576369,92.815513,1.577919,93.623659,-0.336571,0.736440,0.447318,0.654646,-0.301987,0.762662,-0.441822,0.658618,-0.395171,0.692717,0.946965,0.029122,-0.499988,0.079197,-0.301198,0.187828,-0.238290,-0.336845
NKE,US Stock,6599,4619,1980,SEARCH,1.915236,341.650350,1.865549,344.933440,1.888190,343.133717,1.866907,347.082661,1.866907,347.082521,2.144233,0.032014,2.063784,0.039038,1.819672,0.068809,1.819650,0.068812,0.273910,0.784154,0.916317,0.128522,-0.498969,0.112417,2.594323,1.412133,2.523402,2.523395
HD,US Stock,6599,4619,1980,GARCH,1.515235,161.439620,1.517630,158.294019,1.517892,159.625704,1.518580,160.763325,1.518580,160.763227,-0.285305,0.775411,-0.412600,0.679900,-0.444278,0.656842,-0.444255,0.656858,0.474928,0.634838,0.926698,0.279752,-0.499564,0.070439,-0.158076,-0.175362,-0.220767,-0.220754
COST,US Stock,6599,4619,1980,FIGARCH,1.633102,44.628153,1.608984,44.034790,1.622143,44.249590,1.607826,44.125624,1.607887,44.124361,1.343560,0.179091,1.030540,0.302757,1.184075,0.236383,1.181319,0.237476,-0.270510,0.786768,0.971684,0.044765,-0.499610,0.000040,1.476792,0.671030,1.547706,1.543989
UNH,US Stock,6599,4619,1980,HYGARCH,1.900074,568.391764,1.869084,562.327969,1.881549,559.132526,1.867946,574.226535,1.867799,574.320256,1.280006,0.200543,1.266496,0.205336,1.016577,0.309355,1.019018,0.308194,-0.090539,0.927859,0.905933,0.279441,-0.499972,0.000359,1.630977,0.974949,1.690851,1.698592
ABT,US Stock,6599,4619,1980,SEARCH,1.641924,47.644985,1.631160,46.436548,1.633181,46.383444,1.636665,46.468001,1.638700,46.500857,2.091346,0.036497,1.631557,0.102773,1.014754,0.310223,0.622392,0.533684,2.818984,0.004818,0.953384,0.548840,-0.410714,0.064018,0.655530,0.532463,0.320311,0.196339
MRK,US Stock,6599,4619,1980,GMARCH,1.738833,40.443614,1.738861,40.629522,1.737347,40.397394,1.738402,40.596809,1.738368,40.596315,-0.003220,0.997431,0.327304,0.743438,0.056032,0.955316,0.060251,0.951956,-0.320107,0.748887,0.945818,0.000832,-0.495699,0.000916,-0.001615,0.085470,0.024753,0.026728
CAT,US Stock,6599,4619,1980,SEARCH,1.621616,102.164543,1.617077,101.590643,1.618400,101.854772,1.621616,102.164528,1.617964,101.800131,1.405330,0.159923,1.358287,0.174373,0.781414,0.434559,1.810307,0.070248,1.405326,0.159924,0.959243,0.491471,-0.308446,0.000002,0.279871,0.198339,0.000007,0.225185
BA,US Stock,6599,4619,1980,SEARCH,1.634450,811.515632,1.610814,813.672268,1.619925,817.726515,1.612028,810.099669,1.612025,810.221418,3.069623,0.002143,2.436771,0.014819,3.105567,0.001899,3.096088,0.001961,0.390431,0.696218,0.916154,0.295450,-0.499968,0.000562,1.446114,0.888668,1.371827,1.371999
MMM,US Stock,6599,4619,1980,SEARCH,2.003167,175.632934,1.983252,175.431174,2.001366,175.606345,2.003156,175.632939,2.003167,175.632936,3.367430,0.000759,2.279231,0.022653,2.667308,0.007646,0.468719,0.639270,3.367516,0.000758,0.909727,0.624110,-0.046375,0.000005,0.994148,0.089907,0.000541,0.000002
HON,US Stock,6599,4619,1980,FIGARCH,1.565336,60.339787,1.544926,57.523928,1.547559,58.753996,1.544925,56.654347,1.544930,56.589839,2.936401,0.003320,2.749930,0.005961,3.025094,0.002486,2.952437,0.003153,-0.000545,0.999565,0.932780,0.345537,-0.499960,0.000535,1.303860,1.135649,1.303973,1.303602
TSLA,US Stock,3962,2773,1189,GARCH,1.665843,895.310258,1.683619,902.546361,1.674125,898.411461,1.683744,903.552768,1.683767,903.564548,-2.245078,0.024763,-1.969807,0.048861,-2.554796,0.010625,-2.556974,0.010559,0.072781,0.941980,0.953897,0.149857,-0.498788,0.001220,-1.067086,-0.497152,-1.074558,-1.075977
AMD,US Stock,6599,4619,1980,SEARCH,1.718251,834.654910,1.708292,826.362082,1.709930,828.646212,1.710774,828.272635,1.711502,828.635456,1.181448,0.237425,2.060296,0.039370,1.015815,0.309717,0.912736,0.361381,1.431945,0.152160,0.964086,0.075102,-0.496845,0.083908,0.579608,0.484289,0.435158,0.392793
MU,US Stock,6599,4619,1980,SEARCH,1.561061,542.976263,1.553304,537.619934,1.554562,537.740046,1.554228,538.122893,1.554207,538.115196,2.154555,0.031197,1.870115,0.061468,2.124154,0.033657,2.130276,0.033149,0.795825,0.426134,0.971262,0.645511,-0.242756,0.000195,0.496887,0.416298,0.437713,0.439044
F,US Stock,6599,4619,1980,SEARCH,1.889898,360.046395,1.861635,359.812003,1.874773,359.397179,1.864515,360.774266,1.864514,360.774287,3.046093,0.002318,2.665121,0.007696,2.377037,0.017452,2.377013,0.017453,0.776232,0.437612,0.935636,0.205460,-0.495200,0.121802,1.495439,0.800271,1.343093,1.343093
CL,US Stock,6599,4619,1980,SEARCH,1.578601,28.826547,1.560027,25.965207,1.560943,27.264187,1.561040,26.147485,1.562778,26.045318,0.969393,0.332349,1.376842,0.168561,0.986345,0.323964,0.892889,0.371917,0.564841,0.572182,0.968154,0.000064,-0.499979,0.001536,1.176608,1.118558,1.112427,1.002369
SO,US Stock,6599,4619,1980,SEARCH,1.466515,75.692955,1.461663,73.388547,1.463739,75.105728,1.466793,74.677490,1.466797,74.677285,0.925997,0.354448,0.995135,0.319671,-0.050806,0.959480,-0.051443,0.958973,2.035264,0.041824,0.896729,0.248338,-0.496080,0.152173,0.330886,0.189324,-0.018962,-0.019201
DUK,US Stock,6599,4619,1980,SEARCH,1.452653,40.718315,1.438836,36.388007,1.442495,38.220837,1.446173,37.288075,1.446173,37.288053,1.870235,0.061451,2.145693,0.031897,1.048260,0.294519,1.048287,0.294506,2.619211,0.008813,0.942435,0.334737,-0.499632,0.096522,0.951176,0.699311,0.446118,0.446129
PEP,US Stock,6599,4619,1980,SEARCH,1.677271,45.034747,1.673240,42.022128,1.676972,43.066771,1.674048,41.660709,1.674048,41.660689,0.307091,0.758774,0.050711,0.959555,0.243822,0.807369,0.243822,0.807369,0.393865,0.693681,0.908365,0.077137,-0.499848,0.017503,0.240331,0.017788,0.192108,0.192108
VNQ,US Stock,5409,3786,1623,SEARCH,1.450920,112.193623,1.445068,110.151902,1.446158,110.604631,1.445383,111.288698,1.445383,111.288714,1.238145,0.215662,1.451020,0.146774,1.371059,0.170357,1.371023,0.170368,0.157009,0.875238,0.893323,0.377742,-0.495485,0.065130,0.403332,0.328204,0.381617,0.381596
SPG,US Stock,6599,4619,1980,SEARCH,1.568887,1104.152908,1.553988,1052.845838,1.564693,1071.400725,1.557973,1068.580511,1.557973,1068.581060,1.428414,0.153173,1.028428,0.303748,1.130487,0.258271,1.130526,0.258255,0.799336,0.424095,0.898523,0.319448,-0.496661,0.134668,0.949654,0.267329,0.695642,0.695656
ORCL,US Stock,6599,4619,1980,SEARCH,1.941121,708.279965,1.928204,701.042932,1.933449,703.027147,1.932527,700.435980,1.932526,700.435695,0.595674,0.551393,0.391709,0.695273,0.333836,0.738504,0.333855,0.738489,0.957737,0.338195,0.885174,0.141829,-0.499953,0.090065,0.665482,0.395231,0.442773,0.442790
TXN,US Stock,6599,4619,1980,SEARCH,1.578438,123.350241,1.567413,121.214341,1.570705,121.763458,1.578438,123.350304,1.578438,123.350174,2.684286,0.007268,1.986500,0.046978,0.420029,0.674464,1.394785,0.163081,2.684471,0.007264,0.965093,0.513948,-0.295290,0.000001,0.698482,0.489962,0.000035,0.000018
V,US Stock,4536,3175,1361,FIGARCH,1.615871,30.823477,1.607714,31.617654,1.614805,31.152896,1.605931,31.528342,1.605931,31.528347,1.163122,0.244780,0.255056,0.798680,1.515953,0.129531,1.515933,0.129536,-0.783048,0.433599,0.825274,0.219013,-0.497245,0.130705,0.504798,0.065977,0.615135,0.615130
MA,US Stock,4992,3494,1498,FIGARCH,1.600242,39.454905,1.585613,40.392840,1.595999,39.961863,1.582449,39.587866,1.582468,39.587608,1.417687,0.156282,1.099178,0.271690,2.187866,0.028679,2.187893,0.028677,-0.804820,0.420924,0.859386,0.206771,-0.476444,0.000947,0.914144,0.265114,1.111865,1.110711
BRK-B,US Stock,6599,4619,1980,SEARCH,1.560861,27.178938,1.551005,26.682222,1.553865,26.950837,1.554818,26.703370,1.554818,26.707873,1.990758,0.046507,1.914239,0.055590,1.805326,0.071024,1.806317,0.070869,1.027218,0.304318,0.840973,0.388703,-0.497128,0.000329,0.631385,0.448165,0.387111,0.387107
DIS,US Stock,6599,4619,1980,HYGARCH,1.853000,154.113871,1.835932,153.674037,1.840323,154.127813,1.834889,153.063446,1.834785,153.055752,1.917691,0.055150,1.491689,0.135781,2.606513,0.009147,2.610291,0.009047,-0.225301,0.821745,0.911279,0.359141,-0.499963,0.000317,0.921113,0.684162,0.977409,0.983016
NFLX,US Stock,6001,4200,1801,FIGARCH,1.854379,2399.514754,1.854670,2398.290720,1.850670,2405.361312,1.849736,2407.105743,1.850838,2408.053030,-0.066097,0.947300,0.495977,0.619911,0.639667,0.522389,0.520103,0.602992,-0.436340,0.662590,0.985929,1.551719,-0.335665,0.033835,-0.015682,0.200006,0.250380,0.190965
