Ticker,Class,Sector,K,T,GARCH_LLF,GARCH_BIC,GARCH_beta,LKV_LLF,LKV_BIC,LR_stat,LR_df,LR_pval,LR_reject05,BIC_favors_spline,Half_Life,Tenth_Life,Hundredth_Life,SE_alpha,SE_c,SE_R2,SE_n_lags,Slope_1_5d,Slope_5_21d,Slope_21_63d,Slope_63_252d,g_1,g_2,g_5,g_10,g_21,g_42,g_63,g_126,g_252
SPY,US Index,Broad Market,8,6599,-2466.548751,4967.958398,0.878943,-2409.866071,4915.599607,113.365359,7,0.000000,True,True,7,15,79,0.158116,4.751807,0.908540,98,-0.330689,-2.235832,-0.562956,-1.559219,1.000000,1.249236,0.596765,0.269935,0.032676,0.018464,0.014281,0.003832,0.001691
QQQ,US Index,Tech-Heavy,8,6599,-4051.638994,8138.138885,0.893929,-4008.071137,8112.009739,87.135715,7,0.000000,True,True,7,18,142,0.143466,5.072901,0.850284,97,-0.186137,-1.737559,-1.485210,-2.196157,1.000000,1.091529,0.721322,0.292150,0.065164,0.016896,0.012778,0.012792,0.000881
IWM,US Index,Small Cap,8,6498,-4409.800722,8854.395500,0.899183,-4384.045214,8863.774085,51.511015,7,0.000000,True,False,9,18,94,0.347328,1.172533,0.954393,97,-0.180563,-1.761170,-0.773510,-1.021172,1.000000,1.169303,0.745636,0.365288,0.074684,0.044623,0.027441,0.005225,0.005596
DIA,US Index,Blue Chip,8,6599,-2122.872060,4280.605017,0.870747,-2079.864023,4255.595510,86.016076,7,0.000000,True,True,7,14,76,0.243167,2.551238,0.914038,98,-0.367912,-2.244842,-0.369258,-1.917077,1.000000,1.198031,0.565234,0.266252,0.031941,0.024186,0.016392,0.001796,0.001058
MDY,US Index,Mid Cap,8,6599,-3527.583843,7090.028583,0.890680,-3495.624551,7087.116567,63.918584,7,0.000000,True,True,8,17,83,0.315885,1.520594,0.961631,98,-0.234233,-1.857821,-0.890457,-0.983819,1.000000,1.045402,0.677437,0.299191,0.058704,0.032008,0.019181,0.003885,0.004117
XLK,Sector ETF,Technology,8,6599,-4133.745273,8302.351443,0.899171,-4085.127562,8266.122588,97.235424,7,0.000000,True,True,6,19,142,0.164022,4.153185,0.872961,98,-0.363723,-1.366175,-1.674808,-2.614712,1.000000,1.173711,0.558049,0.278492,0.079961,0.018525,0.013251,0.013478,0.000549
XLF,Sector ETF,Financials,8,6599,-4224.418680,8483.698257,0.876649,-4179.506630,8454.880724,89.824100,7,0.000000,True,True,5,14,77,0.190256,3.634395,0.967869,98,-0.476403,-1.753937,-0.939752,-1.600987,1.000000,1.129922,0.467289,0.198609,0.043690,0.021519,0.013981,0.003870,0.001533
XLE,Sector ETF,Energy,8,6599,-5443.139435,10921.139767,0.921314,-5429.903306,10955.674077,26.472259,7,0.000415,True,False,7,20,82,0.513963,0.531297,0.975111,98,-0.403636,-1.376855,-1.066761,-1.484357,1.000000,1.020086,0.536787,0.360191,0.090905,0.051500,0.024531,0.002336,0.002436
XLV,Sector ETF,Healthcare,8,6599,-2428.919256,4892.699407,0.883044,-2409.588495,4915.044453,38.661522,7,0.000002,True,False,7,17,83,0.772373,0.214740,0.552914,97,-0.229382,-1.788810,-0.668986,-25.986702,1.000000,1.021589,0.675237,0.286971,0.055811,0.013096,0.027850,0.000000,0.000000
XLP,Sector ETF,Consumer Staples,8,6599,-1376.850140,2788.561175,0.889036,-1362.172232,2820.211928,29.355816,7,0.000125,True,False,4,17,69,0.390729,1.125490,0.982096,98,-0.625284,-1.491446,-1.281867,-3.110369,1.000000,1.149509,0.392234,0.316567,0.057511,0.023527,0.012159,0.001345,0.000179
XLU,Sector ETF,Utilities,8,6599,-2934.913811,5904.688519,0.905474,-2915.950936,5927.769337,37.925750,7,0.000003,True,False,4,17,65,0.389241,1.142417,0.997782,99,-0.807038,-0.994367,-1.704505,-2.530513,1.000000,0.847315,0.284381,0.193695,0.070968,0.024525,0.010724,0.001612,0.000324
XLI,Sector ETF,Industrials,8,6599,-3381.449452,6797.759801,0.918094,-3357.465313,6810.798091,47.968278,7,0.000000,True,False,5,19,82,0.416445,0.872162,0.977126,98,-0.454258,-1.461325,-1.019874,-1.261309,1.000000,1.003694,0.498853,0.348057,0.076325,0.040406,0.021517,0.002999,0.003041
XLY,Sector ETF,Consumer Disc,8,6599,-3671.470426,7377.801747,0.895397,-3642.614026,7381.095516,57.712799,7,0.000000,True,False,8,18,92,0.258380,2.162134,0.939972,98,-0.289542,-1.744339,-1.206764,-1.232736,1.000000,1.080974,0.634484,0.354507,0.063551,0.022945,0.015297,0.006683,0.002838
XLB,Sector ETF,Materials,8,6599,-4203.783229,8442.427353,0.909792,-4170.710353,8437.288170,66.145752,7,0.000000,True,True,6,17,93,0.275184,1.826953,0.970589,99,-0.369582,-1.612824,-0.804600,-0.925244,1.000000,0.956703,0.550509,0.270247,0.065321,0.038197,0.023853,0.005484,0.005650
EWJ,International,Japan,8,6599,-3829.742446,7694.345788,0.893768,-3810.107388,7716.082241,39.270115,7,0.000002,True,False,4,13,69,0.269322,2.181103,0.995268,99,-0.508144,-1.403288,-1.430091,-2.414955,1.000000,0.589593,0.416353,0.139394,0.056904,0.023916,0.011963,0.002492,0.000449
EWG,International,Germany,8,6599,-4621.274175,9277.409245,0.909584,-4595.996359,9287.860183,50.555630,7,0.000000,True,False,10,17,88,0.327507,1.354116,0.920276,98,-0.456290,-1.820138,-0.407322,-1.366291,1.000000,1.263782,0.518902,0.456150,0.055681,0.039460,0.027014,0.003421,0.003468
EWU,International,UK,8,6599,-3621.264055,7277.389007,0.892057,-3597.898202,7291.663869,46.731707,7,0.000000,True,False,4,15,80,0.172156,4.186149,0.871692,98,-0.644433,-2.162139,-0.165551,-1.662465,1.000000,1.009121,0.392188,0.400057,0.029070,0.020307,0.017131,0.002783,0.001673
EWC,International,Canada,8,6599,-3617.401063,7269.663021,0.911041,-3590.116989,7276.101442,54.568147,7,0.000000,True,False,6,15,81,0.338969,1.335793,0.960169,99,-0.328950,-1.731981,-0.795989,-1.312265,1.000000,0.639665,0.564235,0.228362,0.058017,0.039120,0.021225,0.002625,0.002770
EWA,International,Australia,8,6599,-4639.813524,9314.487944,0.905696,-4613.133419,9322.134302,53.360210,7,0.000000,True,False,4,15,78,0.280500,1.950204,0.962798,99,-0.686213,-1.550019,-0.720498,-1.331699,1.000000,0.804333,0.344099,0.222269,0.047140,0.030833,0.017919,0.002306,0.002331
EWZ,International,Brazil,8,6465,-7140.263045,14315.298064,0.899613,-7121.887713,14339.398355,36.750664,7,0.000005,True,False,4,16,78,0.355587,1.249098,0.950628,99,-0.639177,-1.550984,-0.665683,-1.555633,1.000000,0.946575,0.375897,0.261798,0.052615,0.037460,0.020681,0.001848,0.001914
EWY,International,South Korea,8,6508,-5825.317788,11685.436301,0.903945,-5802.536693,11700.775379,45.562191,7,0.000000,True,False,9,18,93,0.337684,1.251652,0.952371,97,-0.136680,-1.826644,-0.794509,-1.018598,1.000000,1.339044,0.797868,0.355351,0.071697,0.041878,0.025865,0.005182,0.005342
FXI,International,China,8,5402,-5123.348268,10280.682865,0.912184,-5101.192064,10295.846533,44.312408,7,0.000000,True,False,5,24,114,0.291901,1.746406,0.940749,98,-0.586390,-0.713619,-2.222652,-3.016049,1.000000,1.354651,0.397611,0.214643,0.120732,0.023451,0.012157,0.008241,0.000274
EWH,International,Hong Kong,8,6599,-4445.627517,8926.115931,0.910714,-4427.209081,8950.285627,36.836872,7,0.000005,True,False,4,19,124,0.220586,2.832673,0.921378,99,-0.583205,-1.181885,-1.783804,-1.679805,1.000000,0.956263,0.405969,0.292638,0.079037,0.017675,0.011342,0.009782,0.001375
EWT,International,Taiwan,8,6479,-5039.485803,10113.752963,0.904452,-5009.371676,10114.392086,60.228253,7,0.000000,True,False,5,17,125,0.137238,4.897414,0.942328,98,-0.448330,-1.498343,-0.857919,-2.459456,1.000000,1.203476,0.497326,0.269410,0.065946,0.030744,0.023570,0.009770,0.001020
FXE,Currency,EUR/USD,8,5105,689.089762,-1344.443408,0.958405,691.949333,-1291.124347,5.719141,7,0.572900,False,False,26,53,115,1.022379,0.037406,0.978785,94,0.177222,-0.342768,-2.251507,-7.932000,1.000000,1.041769,1.236507,0.598767,0.634197,0.174535,0.064553,0.005465,0.000003
FXY,Currency,JPY/USD,8,4812,263.680195,-493.887474,0.929467,278.916198,-465.781876,30.472006,7,0.000078,True,False,7,17,124,0.164791,3.556219,0.951012,99,-0.213090,-1.675586,-0.565386,-2.040929,1.000000,0.740947,0.672754,0.249085,0.071466,0.047818,0.034895,0.009621,0.002299
FXB,Currency,GBP/USD,8,4971,427.464363,-821.310836,0.918270,435.490200,-778.531204,16.051674,7,0.024648,True,False,9,18,103,0.212465,2.544057,0.917807,99,-0.156331,-1.812025,-0.647532,-12.518865,1.000000,0.685635,0.751797,0.376796,0.072177,0.037260,0.031387,0.001696,0.000000
FXA,Currency,AUD/USD,8,4971,-506.132729,1045.883347,0.944794,-502.138191,1096.725578,7.989075,7,0.333558,False,False,8,36,125,0.576130,0.324123,0.928071,97,-0.154082,-0.349083,-2.529783,-6.382785,1.000000,1.213849,0.759196,0.415068,0.366887,0.064260,0.028577,0.009536,0.000010
FXC,Currency,CAD/USD,8,4971,1126.668523,-2219.719157,0.953777,1128.887314,-2165.325432,4.437582,7,0.728220,False,False,13,45,54,2.928809,0.000040,0.989282,77,-0.137207,-0.838989,-5.796440,-11.959256,1.000000,0.779180,0.801670,0.646056,0.319399,0.147619,0.000436,0.000000,0.000000
FXF,Currency,CHF/USD,8,4971,87.773652,-141.929414,0.949759,121.791877,-151.134559,68.036451,7,0.000000,True,True,8,28,32,1.814899,0.009150,0.954064,46,0.266305,0.824173,-14.251918,-2.425266,1.000000,1.085651,1.307344,0.433493,1.253596,0.000103,0.000001,0.000001,0.000000
GLD,Commodity,Precious Metals,8,5373,-2522.053978,5078.070532,0.920912,-2504.146949,5101.690980,35.814059,7,0.000008,True,False,8,21,125,0.175416,2.950569,0.929468,96,-0.024189,-1.638171,-0.605549,-5.306242,1.000000,1.167573,0.915506,0.318357,0.097637,0.060128,0.046785,0.009320,0.000059
SLV,Commodity,Precious Metals,8,5011,-4874.115798,9781.885144,0.930637,-4864.896778,9822.340812,18.438041,7,0.010142,True,False,7,24,116,0.234995,2.153631,0.954936,99,-0.278127,-1.138132,-1.494849,-8.205841,1.000000,0.580485,0.604709,0.283542,0.120394,0.036825,0.024902,0.005888,0.000001
USO,Commodity,Energy,8,5024,-5433.283616,10900.232302,0.882910,-5429.992640,10952.564219,6.581954,7,0.473663,False,False,5,19,41,1.657662,0.010950,0.976328,71,-0.503634,-1.187944,-7.436160,-10.074457,1.000000,0.839137,0.441494,0.219181,0.085702,0.007928,0.000024,0.000000,0.000000
UNG,Commodity,Energy,8,4768,-6520.349199,13074.130250,0.916830,-6513.833992,13119.605577,13.030414,7,0.071371,False,False,14,32,38,3.000000,0.000106,0.956505,38,0.033505,-1.455960,-27.441956,-0.113065,1.000000,1.111038,1.094975,1.045718,0.231913,0.000412,0.000000,0.000000,0.000000
DBA,Commodity,Agriculture,8,4838,-1318.373767,2670.244519,0.929609,-1314.341259,2720.799226,8.065017,7,0.326896,False,False,11,36,42,3.000000,0.000074,0.942782,52,-0.335357,-1.143562,-17.724428,-2.399181,1.000000,1.212612,0.619546,0.545478,0.192372,0.008617,0.000000,0.000000,0.000000
DBB,Commodity,Industrial Metals,8,4838,-3020.446572,6074.390128,0.940246,-3005.817795,6103.752298,29.257553,7,0.000130,True,False,7,27,119,0.058830,10.000000,0.705796,97,-0.169051,-1.071098,-0.895754,-19.938860,1.000000,1.027751,0.712593,0.227082,0.136454,0.053724,0.056990,0.003905,0.000000
DBC,Commodity,Broad Commodity,8,5068,-2671.696265,5377.096349,0.926903,-2656.480685,5405.646872,30.431159,7,0.000079,True,False,7,20,103,0.353676,1.059239,0.967984,98,-0.295662,-1.436047,-0.770468,-1.056868,1.000000,1.039948,0.618633,0.311866,0.091913,0.059254,0.035249,0.006618,0.006822
TLT,Fixed Income,Long Govt,8,5955,-1704.597708,3443.609633,0.936999,-1693.700744,3482.040585,21.793928,7,0.002757,True,False,5,26,91,0.455902,0.664577,0.994282,99,-0.516970,-0.901649,-1.407222,-0.970955,1.000000,0.820528,0.435821,0.256590,0.122574,0.055977,0.025926,0.005084,0.005357
IEF,Fixed Income,Medium Govt,8,5955,2437.965556,-4841.516894,0.938521,2443.367787,-4792.096476,10.804463,7,0.147379,False,False,10,49,70,2.960975,0.000022,0.735940,77,-0.316622,-1.205247,-1.088652,-14.927224,1.000000,1.136244,0.621674,0.461016,0.141204,0.132647,0.034447,0.000000,0.000000
SHY,Fixed Income,Short Govt,8,5955,11560.233927,-23086.053637,0.931957,11581.649306,-23068.659513,42.830757,7,0.000000,True,False,4,19,82,0.730981,0.206887,0.819429,98,-0.921875,-0.883071,-0.626878,-30.459587,1.000000,1.103231,0.252116,0.267296,0.083764,0.063713,0.035536,0.000000,0.000000
HYG,Fixed Income,High Yield,8,4773,1981.268986,-3929.101432,0.878107,2022.429379,-3952.908274,82.320786,7,0.000000,True,True,3,13,53,0.293512,2.190570,0.983435,99,-0.773649,-1.765918,-1.222235,-1.309730,1.000000,0.740439,0.297614,0.171187,0.029770,0.013402,0.006681,0.000871,0.000871
LQD,Fixed Income,Investment Grade,8,5955,2368.668198,-4702.922179,0.887942,2399.118551,-4703.598003,60.900705,7,0.000000,True,True,3,15,45,0.339617,1.726383,0.992130,99,-1.142764,-0.971940,-2.075194,-0.822643,1.000000,0.574592,0.171951,0.170921,0.046947,0.011312,0.004689,0.001163,0.001186
BTC-USD,Crypto,Bitcoin,8,4214,-6149.998588,12332.872324,0.830166,-6108.119857,12306.646373,83.757462,7,0.000000,True,True,2,8,44,0.099244,10.000000,0.910543,99,-0.288753,-2.183367,-1.145853,-0.271734,1.000000,0.328780,0.501948,0.038583,0.020144,0.010453,0.006277,0.003786,0.003800
ETH-USD,Crypto,Ethereum,8,3065,-4842.908159,9717.208930,0.828800,-4813.458506,9713.246697,58.899305,7,0.000000,True,True,6,8,120,0.081603,10.000000,0.843098,99,-0.086078,-1.644404,-1.083487,-1.550977,1.000000,0.662310,0.692495,0.043819,0.049130,0.030498,0.017907,0.009337,0.002266
LTC-USD,Crypto,Litecoin,8,4214,-7556.379282,15145.633712,0.893624,-7493.142711,15076.692080,126.473143,7,0.000000,True,True,2,8,24,0.115680,10.000000,0.138584,73,-0.459790,0.071357,-9.784832,-24.477843,1.000000,0.453641,0.391776,0.090217,0.063566,0.000000,0.000015,0.000000,0.000000
XRP-USD,Crypto,Ripple,8,3065,-5178.179813,10387.752238,0.601984,-5137.293703,10360.917091,81.772219,7,0.000000,True,True,2,7,9,0.150044,10.000000,0.055657,51,-1.003043,-6.782042,-16.068672,-0.313728,1.000000,0.201945,0.169236,0.003613,0.000079,0.009370,0.000000,0.000000,0.000000
^VIX,Volatility,Vol Index,8,6599,-14749.410848,29533.682592,0.693056,-14699.316471,29494.500407,100.188753,7,0.000000,True,True,3,7,20,0.097591,10.000000,0.378817,99,-1.236576,-2.029907,0.093989,0.035262,1.000000,0.699311,0.141087,0.050193,0.009102,0.007209,0.008450,0.008180,0.009062
AAPL,US Stock,Mega-Cap Tech,8,6599,-6954.427317,13943.715530,0.900434,-6924.598287,13945.064038,59.658060,7,0.000000,True,False,5,19,51,0.082170,10.000000,0.725120,99,-0.499131,-1.202813,-1.850336,-8.743794,1.000000,0.710474,0.438518,0.218512,0.074629,0.012329,0.011147,0.011597,0.000000
MSFT,US Stock,Mega-Cap Tech,8,6599,-5707.459289,11449.779473,0.931055,-5646.945916,11389.759297,121.026745,7,0.000000,True,True,6,10,72,0.095524,8.058220,0.272107,74,-0.311659,-0.883786,0.061028,-12.240526,1.000000,0.559835,0.519824,0.091781,0.093888,0.015727,0.155928,0.000000,0.000000
GOOG,US Stock,Mega-Cap Tech,8,5437,-5156.411051,10346.836913,0.954260,-5119.357302,10332.255332,74.107499,7,0.000000,True,True,6,12,108,0.069428,10.000000,0.720403,99,-0.180405,-2.021331,0.333725,-5.125475,1.000000,0.565838,0.665710,0.133498,0.044016,0.064423,0.054271,0.004610,0.000074
AMZN,US Stock,Mega-Cap Tech,8,6599,-8226.917653,16488.696202,0.856054,-8033.996013,16163.859490,385.843280,7,0.000000,True,True,2,11,72,0.074459,10.000000,0.170954,73,-0.348524,-0.859677,0.629230,-11.653739,1.000000,0.390398,0.487975,0.102102,0.094961,0.016274,0.295806,0.000000,0.000000
NVDA,US Stock,Mega-Cap Tech,8,6599,-9794.366560,19623.594016,0.924526,-9734.745854,19565.359172,119.241412,7,0.000000,True,True,2,11,58,0.112482,7.490962,0.961382,99,-0.707303,-1.008335,-1.876289,-0.734529,1.000000,0.465005,0.300535,0.103149,0.062505,0.016426,0.009177,0.009197,0.003446
META,US Stock,Mega-Cap Tech,8,3485,-3836.729942,7705.459940,0.977017,-3778.500462,7645.001078,116.458960,7,0.000000,True,True,4,17,130,0.064343,10.000000,0.000048,98,-0.737148,-1.644437,0.282052,-14.379957,1.000000,1.121027,0.339538,0.363911,0.043700,0.023591,0.048744,0.014738,0.000000
JPM,US Stock,Large Value,8,6599,-5985.484759,12005.830413,0.907256,-5941.292321,11978.452106,88.384876,7,0.000000,True,True,5,22,95,0.265476,2.034404,0.974080,98,-0.527417,-0.800563,-1.948095,-2.710811,1.000000,1.156527,0.411706,0.127936,0.103284,0.029637,0.014301,0.006393,0.000426
JNJ,US Stock,Large Value,8,6599,-3006.051364,6046.963624,0.892949,-2987.785582,6071.438629,36.531564,7,0.000006,True,False,2,17,37,0.263753,2.659335,0.927005,99,-0.675295,-1.449322,-2.371383,0.224685,1.000000,0.490524,0.341196,0.248813,0.048793,0.007157,0.003714,0.004037,0.004430
XOM,US Stock,Large Value,8,6599,-4940.641841,9916.144578,0.916772,-4930.029516,9955.926496,21.224651,7,0.003452,True,False,6,22,76,0.565956,0.438088,0.987422,98,-0.378144,-1.229666,-1.478752,-1.495102,1.000000,1.051672,0.544942,0.285893,0.101600,0.047509,0.018908,0.001783,0.001791
PG,US Stock,Large Value,8,6599,-3141.191292,6317.243480,0.904213,-3121.883624,6339.634712,38.615336,7,0.000002,True,False,5,12,71,0.385823,1.126863,0.957253,99,-0.526394,-1.363288,-1.218885,-1.489387,1.000000,0.796557,0.409731,0.127896,0.058786,0.035555,0.014909,0.001415,0.001434
KO,US Stock,Large Value,8,6599,-3181.017641,6396.896179,0.924990,-3129.962898,6355.793260,102.109488,7,0.000000,True,True,4,15,71,0.949049,0.097235,0.415958,78,-1.022094,-1.371208,0.361811,-15.574302,1.000000,1.324270,0.221610,0.235906,0.043779,0.072042,0.045552,0.000000,0.000000
PFE,US Stock,Large Value,8,6599,-4951.004191,9936.869277,0.896710,-4926.665906,9949.199277,48.676568,7,0.000000,True,False,4,14,74,0.862611,0.157632,0.551223,86,-0.689937,-1.616200,-0.204059,-19.616211,1.000000,0.891483,0.339223,0.185056,0.039906,0.025041,0.027915,0.000000,0.000000
IBM,US Stock,Classic Tech,8,6599,-5062.776636,10160.414169,0.858708,-4902.936801,9901.741067,319.679670,7,0.000000,True,True,7,12,72,0.067701,10.000000,0.119189,71,0.055184,-1.384785,0.957177,-11.626370,1.000000,0.788020,0.912158,0.113316,0.091241,0.035276,0.351362,0.000000,0.000000
GE,US Stock,Classic Industrial,8,6599,-6065.060159,12164.981214,0.952775,-6007.917962,12111.703389,114.284393,7,0.000000,True,True,4,14,115,0.070390,10.000000,0.755049,98,-1.012496,-1.193034,0.220840,-3.581933,1.000000,1.021149,0.214759,0.172085,0.047112,0.053238,0.048425,0.007026,0.000469
INTC,US Stock,Classic Tech,8,6599,-7402.273347,14839.407590,0.963493,-7334.612120,14765.091704,135.322454,7,0.000000,True,True,2,6,135,0.083626,10.000000,0.750507,99,-1.378410,-0.243527,-1.703302,-4.727477,1.000000,0.443745,0.113334,0.084511,0.066064,0.016155,0.011977,0.013200,0.000040
CSCO,US Stock,Classic Tech,8,6599,-6385.476462,12805.813820,0.844340,-6175.231827,12446.331119,420.489270,7,0.000000,True,True,6,8,34,0.086925,10.000000,0.233847,73,-0.200313,-1.121567,0.340732,-11.567032,1.000000,0.571603,0.579519,0.049348,0.061741,0.006761,0.163966,0.000000,0.000000
T,US Stock,Classic Telecom,8,6599,-4691.044584,9416.950064,0.950345,-4620.038400,9335.944265,142.012368,7,0.000000,True,True,4,23,71,0.220882,2.412969,0.176672,72,-1.088148,-0.133153,0.201182,-11.116300,1.000000,1.053876,0.183573,0.124726,0.113553,0.042297,0.172268,0.000000,0.000000
BAC,US Stock,Banks,8,6599,-6458.536471,12951.933838,0.917778,-6413.715773,12923.299009,89.641396,7,0.000000,True,True,5,13,77,0.436739,0.814445,0.899617,99,-0.592150,-1.306413,-0.797148,-1.937748,1.000000,0.983280,0.380762,0.140268,0.061942,0.054312,0.023289,0.001176,0.001178
GS,US Stock,Banks,8,6599,-6422.155424,12879.171743,0.922605,-6388.892569,12873.652603,66.525709,7,0.000000,True,True,5,17,73,0.821584,0.160973,0.380723,78,-0.576332,-1.243261,0.069055,-15.256152,1.000000,1.002106,0.399268,0.197477,0.070021,0.043778,0.072698,0.000000,0.000000
C,US Stock,Banks,8,6599,-6716.877538,13468.615972,0.914282,-6679.288954,13454.445372,75.177168,7,0.000000,True,True,4,17,71,0.297078,1.807110,0.996914,99,-0.819338,-0.848628,-1.701067,-1.929464,1.000000,0.787158,0.271242,0.146057,0.075600,0.025995,0.012234,0.003276,0.000848
MS,US Stock,Banks,8,6599,-7191.133601,14417.128098,0.914077,-7166.024042,14427.915548,50.219118,7,0.000000,True,False,4,20,79,0.363844,1.188467,0.994531,98,-0.855362,-0.876307,-1.461347,-1.980401,1.000000,1.120726,0.276075,0.264147,0.084739,0.031524,0.016052,0.003274,0.001015
CVX,US Stock,Energy,8,6599,-5161.342716,10357.546329,0.905660,-5149.888515,10395.644495,22.908402,7,0.001768,True,False,8,17,74,0.410278,0.971009,0.971796,99,-0.274435,-1.838527,-1.035822,-1.593961,1.000000,0.698738,0.627310,0.303621,0.058460,0.031668,0.016133,0.001797,0.001461
COP,US Stock,Energy,8,6599,-6450.694643,12936.250183,0.930969,-6436.936765,12969.740994,27.515757,7,0.000269,True,False,3,21,74,0.435960,0.835799,0.996643,99,-0.722278,-0.844131,-1.767842,-1.596428,1.000000,0.558096,0.317566,0.238009,0.099830,0.033571,0.014414,0.002808,0.001389
SLB,US Stock,Energy,8,6599,-7374.645486,14784.151868,0.949274,-7365.776982,14827.421428,17.737008,7,0.013215,True,False,5,37,98,0.567558,0.349657,0.970425,99,-0.480195,-0.983407,-0.925110,-1.422574,1.000000,0.743764,0.477032,0.425432,0.140942,0.089614,0.045135,0.004855,0.004972
WMT,US Stock,Consumer,8,6599,-4241.049319,8516.959534,0.929623,-4199.483525,8494.834514,83.131588,7,0.000000,True,True,2,13,95,0.081145,10.000000,0.777036,99,-1.149130,-1.548088,0.267922,-4.438236,1.000000,0.401399,0.169744,0.170727,0.027125,0.028669,0.027381,0.003090,0.000092
MCD,US Stock,Consumer,8,6599,-3988.335176,8011.531248,0.926931,-3960.890349,8017.648162,54.889654,7,0.000000,True,False,3,15,69,0.357364,1.310207,0.972790,99,-1.024108,-0.553585,-1.763106,-0.974032,1.000000,0.701874,0.197714,0.117664,0.080428,0.030902,0.012301,0.002404,0.002462
NKE,US Stock,Consumer,8,6599,-6250.445597,12535.752090,0.963841,-6169.987900,12435.843264,160.915394,7,0.000000,True,True,5,12,116,0.070041,10.000000,0.663206,98,-0.445215,-1.838548,0.442425,-1.600704,1.000000,1.132327,0.474408,0.131680,0.039796,0.061124,0.053032,0.008224,0.005520
HD,US Stock,Consumer,8,6599,-5281.930921,10598.722739,0.918803,-5262.296187,10620.459838,39.269469,7,0.000002,True,False,4,19,81,0.350693,1.268232,0.984953,99,-0.726095,-1.192389,-1.222100,-1.742882,1.000000,0.925135,0.336019,0.333209,0.074001,0.030496,0.017119,0.003428,0.001461
COST,US Stock,Consumer,8,6599,-4934.347168,9903.555232,0.942960,-4890.800795,9877.469054,87.092746,7,0.000000,True,True,4,22,252,0.263354,2.095194,0.970108,98,-0.769030,-0.666549,-1.977140,0.018090,1.000000,1.008436,0.298534,0.179348,0.101357,0.025349,0.012821,0.010316,0.011236
UNH,US Stock,Healthcare,8,6599,-6208.798255,12452.457405,0.894146,-6151.685019,12399.237502,114.226472,7,0.000000,True,True,8,16,123,0.115356,5.628030,0.844005,97,-0.196361,-2.050412,0.007146,-1.003625,1.000000,1.154259,0.725981,0.320645,0.052090,0.048682,0.041578,0.009542,0.009475
ABT,US Stock,Healthcare,8,6599,-4771.484442,9577.829781,0.944983,-4749.730546,9595.328557,43.507793,7,0.000000,True,False,3,23,146,0.166255,3.792391,0.875777,99,-0.589690,-0.876281,-1.796845,-3.472229,1.000000,0.569766,0.389188,0.295414,0.112621,0.024290,0.016955,0.016690,0.000249
MRK,US Stock,Healthcare,8,6599,-5584.391670,11203.644236,0.907257,-5560.354676,11216.576816,48.073989,7,0.000000,True,False,2,9,95,0.083920,10.000000,0.825814,99,-0.489278,-1.101587,-1.579139,-31.365844,1.000000,0.379892,0.394797,0.078101,0.063739,0.014633,0.014562,0.000016,0.000000
CAT,US Stock,Industrials,8,6599,-6671.431834,13377.724565,0.948647,-6656.051341,13407.970146,30.760987,7,0.000069,True,False,11,53,252,0.571829,0.282691,0.978371,95,0.047689,-1.205818,-0.906032,-0.868882,1.000000,1.154626,1.049238,0.547416,0.209273,0.127851,0.072379,0.015423,0.017764
BA,US Stock,Industrials,8,6599,-6606.021327,13246.903550,0.928737,-6574.137010,13244.141485,63.768634,7,0.000000,True,True,5,16,98,0.208646,2.769005,0.969913,99,-0.506339,-1.497226,-0.660146,-1.005007,1.000000,0.717340,0.440899,0.230703,0.061877,0.040368,0.026472,0.006195,0.005763
MMM,US Stock,Industrials,8,6599,-5065.855107,10166.571110,0.929785,-4989.339455,10074.546375,153.031303,7,0.000000,True,True,9,16,198,0.066988,10.000000,0.547202,99,-0.163233,-2.110167,-0.009264,-2.201390,1.000000,0.796080,0.752128,0.359358,0.050008,0.031207,0.041502,0.044502,0.003179
HON,US Stock,Industrials,8,6599,-5123.036295,10280.933487,0.920888,-5078.012741,10251.892947,90.047108,7,0.000000,True,True,4,15,97,0.077164,10.000000,0.832423,99,-0.615278,-2.007748,0.321879,-1.300527,1.000000,0.794670,0.391064,0.279272,0.033727,0.038987,0.034612,0.004779,0.005103
TSLA,US Stock,High Vol,8,3962,-5934.628154,11901.850091,0.954411,-5919.477041,11928.586985,30.302226,7,0.000084,True,False,4,26,116,0.320086,1.175583,0.970411,98,-0.921048,-0.592949,-0.822307,-3.001477,1.000000,1.284807,0.258509,0.352141,0.123351,0.069570,0.044604,0.007706,0.000839
AMD,US Stock,High Vol,8,6599,-10730.715620,21496.292137,0.945429,-10672.819744,21441.506952,115.791753,7,0.000000,True,True,6,9,77,0.614531,0.351907,0.240702,81,-0.280340,-1.133907,0.201671,-18.451987,1.000000,1.025019,0.561206,0.081232,0.081629,0.048418,0.123749,0.000000,0.000000
MU,US Stock,High Vol,8,6599,-9753.496765,19541.854425,0.951437,-9745.651798,19587.171060,15.689934,7,0.028105,True,False,4,33,102,0.540801,0.422412,0.993559,99,-0.588876,-0.492821,-1.818543,-0.741327,1.000000,0.687225,0.394248,0.323556,0.190757,0.063796,0.027289,0.007534,0.007768
F,US Stock,High Vol,8,6599,-7817.237461,15669.335819,0.919549,-7767.276903,15630.421270,99.921117,7,0.000000,True,True,2,8,72,0.087970,10.000000,0.972262,99,-0.806676,-0.993331,-1.532479,-1.677333,1.000000,0.352404,0.248885,0.067070,0.051638,0.019348,0.011002,0.006801,0.001230
CL,US Stock,Low Vol,8,6599,-3831.811357,7698.483610,0.830752,-3785.673770,7667.215005,92.275173,7,0.000000,True,True,4,9,60,1.865477,0.002769,0.831539,92,-0.814819,-1.950318,-1.128168,-9.178827,1.000000,0.873344,0.268357,0.074531,0.023765,0.104967,0.004252,0.000000,0.000000
SO,US Stock,Low Vol,8,6599,-3185.451843,6405.764581,0.895561,-3161.862832,6419.593129,47.178021,7,0.000000,True,False,4,12,68,0.363419,1.303556,0.975368,99,-0.636949,-1.181270,-1.490233,-1.921476,1.000000,0.818133,0.347142,0.116134,0.060811,0.029246,0.012008,0.001451,0.000715
DUK,US Stock,Low Vol,8,6599,-3851.139849,7737.140593,0.927077,-3822.117593,7740.102650,58.044512,7,0.000000,True,False,4,18,119,0.132508,5.225802,0.958672,99,-0.790341,-1.040560,-1.122080,-3.721789,1.000000,0.873722,0.298376,0.254496,0.074047,0.027738,0.020539,0.008358,0.000194
PEP,US Stock,Low Vol,8,6599,-3133.748497,6302.357890,0.902022,-3094.163916,6284.195297,79.169161,7,0.000000,True,True,3,13,77,0.089928,10.000000,0.934076,99,-0.991207,-1.583169,-0.650763,-1.784760,1.000000,0.606391,0.216302,0.171808,0.028838,0.014498,0.011959,0.004800,0.001171
VNQ,US Stock,REITs,8,5409,-3416.507186,6867.006413,0.896254,-3398.486783,6890.451680,36.040806,7,0.000007,True,False,4,15,68,0.482148,0.738937,0.954686,99,-0.716710,-1.486842,-1.042878,-2.032279,1.000000,0.815739,0.329508,0.221246,0.049369,0.031641,0.013088,0.000573,0.000575
SPG,US Stock,REITs,8,6599,-5719.709515,11474.279926,0.903627,-5686.969504,11469.806472,65.480022,7,0.000000,True,True,4,12,66,0.278112,2.084628,0.993455,99,-0.565214,-1.162890,-1.717313,-1.864424,1.000000,0.570208,0.375082,0.112620,0.065185,0.023731,0.010745,0.002867,0.000799
ORCL,US Stock,Other,8,6599,-6773.044792,13580.950480,0.883853,-6590.702081,13277.271626,364.685423,7,0.000000,True,True,2,8,71,0.075444,10.000000,0.113871,73,-0.402056,-1.036170,0.841910,-11.435973,1.000000,0.377702,0.432273,0.054604,0.066336,0.026281,0.237414,0.000000,0.000000
TXN,US Stock,Other,8,6599,-6781.296257,13597.453409,0.958888,-6752.152337,13600.172138,58.287840,7,0.000000,True,False,10,48,252,0.405560,0.627207,0.978137,94,0.232618,-1.429816,-0.856355,-0.699145,1.000000,1.160134,1.337996,0.424951,0.182979,0.113587,0.069634,0.022036,0.022720
V,US Stock,Other,8,4536,-3357.492780,6748.193630,0.863359,-3332.365006,6756.052209,50.255546,7,0.000000,True,False,4,9,43,0.154169,5.594538,0.947431,99,-0.566590,-1.151264,-2.397100,-1.030931,1.000000,0.577430,0.358418,0.067514,0.052704,0.010341,0.004811,0.005182,0.001240
MA,US Stock,Other,8,4992,-4294.541709,8622.720068,0.866012,-4267.284281,8627.069348,54.514857,7,0.000000,True,False,5,13,46,0.136846,6.173917,0.935228,99,-0.476084,-1.466958,-1.890470,-1.249127,1.000000,0.944450,0.443043,0.127810,0.049475,0.011441,0.006868,0.007227,0.001424
BRK-B,US Stock,Other,8,6599,-3469.166291,6973.193477,0.851084,-3445.657100,6987.181664,47.018382,7,0.000000,True,False,4,14,54,0.354692,1.501031,0.997660,98,-0.867111,-1.082909,-1.866254,-3.465650,1.000000,1.036263,0.256978,0.135341,0.052833,0.016684,0.006874,0.000875,0.000065
DIS,US Stock,Other,8,6599,-5799.865904,11634.592705,0.914659,-5766.898680,11629.664825,65.934448,7,0.000000,True,True,5,22,200,0.255314,2.154466,0.935207,98,-0.459670,-0.963394,-2.030977,-0.412319,1.000000,1.019275,0.472156,0.225724,0.107612,0.023533,0.012980,0.014277,0.007281
NFLX,US Stock,Other,8,6001,-8968.993861,17972.435552,0.982850,-8692.281694,17479.294923,553.424333,7,0.000000,True,True,5,25,72,0.061149,10.000000,0.085641,73,-0.367444,-0.663115,0.985856,-11.729355,1.000000,0.513806,0.487043,0.116975,0.131453,0.045675,0.546229,0.000000,0.000000
